"gene_id","baseMean","log2FoldChange","lfcSE","pvalue","padj","log2FoldChange_unshrunk","stat_wald","significant","direction"
"Gene0035",103.879723813235,1.73708326462568,0.247424068089783,1.32530493285555e-13,1.31072657859414e-10,1.80119991979401,7.40361078883736,TRUE,"Up in treated"
"Gene0043",2367.90689202682,1.64180677393678,0.250519894762217,2.11336736089839e-12,1.04506015996425e-09,1.70990380040715,7.02679154329938,TRUE,"Up in treated"
"Gene0008",198.889283599712,1.93337234607232,0.300217701752427,3.28653884161601e-12,1.08346230478608e-09,2.01823355707992,6.96489281155345,TRUE,"Up in treated"
"Gene0014",104.205482146885,1.73453898274577,0.2805330704779,2.27345671203799e-11,4.76222570249677e-09,1.81624790027894,6.68728705366759,TRUE,"Up in treated"
"Gene0054",93.9571070011269,1.62109412169009,0.260455505400169,2.40759641177794e-11,4.76222570249677e-09,1.69637273535259,6.67888947669426,TRUE,"Up in treated"
"Gene0012",43.7387801409843,1.89956368178104,0.315387458976697,8.51268112114427e-11,1.40317360480195e-08,1.99478497147613,6.49125047662881,TRUE,"Up in treated"
"Gene0042",191.323640139709,1.56207618355473,0.262944849662838,1.08858808490193e-10,1.53801945138287e-08,1.63995537952822,6.45410709892919,TRUE,"Up in treated"
"Gene0003",132.372729409403,1.49873528785048,0.258999463754025,3.55523748601285e-10,4.39516234208339e-08,1.57773253784528,6.27240045740157,TRUE,"Up in treated"
"Gene0100",37.2821933361027,-1.8998799489121,0.329259620280577,4.28392816090175e-10,4.56747661132248e-08,-2.00419907901755,-6.24331504169202,TRUE,"Down in treated"
"Gene0098",160.199863191009,-1.62120216692308,0.283891051082634,4.61827766564457e-10,4.56747661132248e-08,-1.71056007375451,-6.23155500902372,TRUE,"Down in treated"
"Gene0004",210.278191366396,1.4946093248999,0.268320897661288,1.08740645088063e-09,9.77677254473587e-08,1.57908678090873,6.09602172015626,TRUE,"Up in treated"
"Gene0040",102.615129112221,1.58487318973966,0.290516984191465,2.73242922241845e-09,2.2519770841432e-07,1.67870165262246,5.94691517071507,TRUE,"Up in treated"
"Gene0006",152.378197850743,1.68366576609258,0.313080755764581,3.58754989178449e-09,2.72929757151913e-07,1.78688994804741,5.90216826222367,TRUE,"Up in treated"
"Gene0049",233.563747448898,1.57251587910608,0.298448819011129,5.2213232398485e-09,3.68849191729297e-07,1.67227738263574,5.83996039737479,TRUE,"Up in treated"
"Gene0062",153.999950606302,-1.39271212121326,0.277540703369012,2.22248281742911e-08,1.46535700429159e-06,-1.48938873565518,-5.59372546833752,TRUE,"Down in treated"
"Gene0038",113.540957424668,1.3510073135341,0.271801529470399,3.80778899614075e-08,2.3536895732395e-06,1.44515384679767,5.49954204781101,TRUE,"Up in treated"
"Gene0085",166.00787583625,-1.29925732491102,0.276793387732678,1.07455508686417e-07,6.25138224063922e-06,-1.40108158273657,-5.31364220211695,TRUE,"Down in treated"
"Gene0021",48.4552415720921,1.34393110831495,0.28770159307602,1.65233038566735e-07,9.0786375079167e-06,1.4500120734402,5.23472236701229,TRUE,"Up in treated"
"Gene0057",39.529435531367,1.61494315273466,0.362766094393208,2.81799758048974e-07,1.32714267004969e-05,1.7590757369516,5.13522961351051,TRUE,"Up in treated"
"Gene0086",36.8156256178688,-1.52657582197825,0.335438596700524,2.73135637688542e-07,1.32714267004969e-05,-1.65495574883982,-5.14109930298819,TRUE,"Down in treated"
"Gene0017",111.134099642956,1.45449235899912,0.320837131766735,2.64493701824932e-07,1.32714267004969e-05,1.57544088773582,5.14713590769648,TRUE,"Up in treated"
"Gene0026",122.000045604693,1.33871674043024,0.294511995179319,2.99991841842948e-07,1.34859968901216e-05,1.448538155662,5.12345212520233,TRUE,"Up in treated"
"Gene0034",197.611125765109,1.58162275748122,0.359465982547937,3.36948113034154e-07,1.39722544424309e-05,1.72198667824429,5.10151342610371,TRUE,"Up in treated"
"Gene0059",116.833405394399,1.27900981544013,0.28724903263898,3.39063808511972e-07,1.39722544424309e-05,1.38870667702236,5.10032887815773,TRUE,"Up in treated"
"Gene0015",223.306735824,1.53437001334466,0.345279820267228,3.90676848553629e-07,1.48607462776746e-05,1.66762227578328,5.07344528301829,TRUE,"Up in treated"
"Gene0058",197.960265894901,1.50746985030987,0.337726724440228,3.80549834618657e-07,1.48607462776746e-05,1.63757095416375,5.07843836964798,TRUE,"Up in treated"
"Gene0070",200.84153727579,-1.24397748389351,0.278938578514239,4.73451976080788e-07,1.73423705312555e-05,-1.34976460310056,-5.03677045690616,TRUE,"Down in treated"
"Gene0097",98.0580672289949,-1.36197821282697,0.315162307304326,6.94982992989448e-07,2.45477921452344e-05,-1.48769335194428,-4.96276039089388,TRUE,"Down in treated"
"Gene0039",29.3341733030369,1.60199697518748,0.369586450032338,7.5168656384996e-07,2.56351038499176e-05,1.7500375860308,4.94751048448605,TRUE,"Up in treated"
"Gene0073",66.4059315070487,-1.23193755733033,0.286140167753663,9.60663057180427e-07,3.16698587850481e-05,-1.34382266966846,-4.89952974658281,TRUE,"Down in treated"
"Gene0093",71.8617215891949,-1.15722849951717,0.279189731898554,2.03559812550018e-06,6.49421466490219e-05,-1.26882339436673,-4.74985772396969,TRUE,"Down in treated"
"Gene0005",71.6169808778938,1.61962729662377,0.407962786685599,2.76022277606873e-06,8.53081351728743e-05,1.79381453508688,4.68790040869621,TRUE,"Up in treated"
"Gene0090",131.591402409843,-1.42600260457822,0.371285865644401,3.68608426448663e-06,0.000110470828411433,-1.58839343211236,-4.62834003508091,TRUE,"Down in treated"
"Gene0074",67.1164608314273,-1.25202159223163,0.31454069434426,4.11588552008749e-06,0.000119723846451957,-1.38395497564335,-4.60544308316009,TRUE,"Down in treated"
"Gene0075",473.120664703359,-1.18911243351071,0.30261421638113,4.33590296348026e-06,0.000122520229453771,-1.31680601083056,-4.59459512729916,TRUE,"Down in treated"
"Gene0078",52.6539180167537,-1.25710504727899,0.327361507840586,5.82378343723078e-06,0.000159992272761701,-1.39812352112366,-4.53268788891862,TRUE,"Down in treated"
"Gene0010",232.113802817461,1.42844411543758,0.376607695423194,6.76500746744765e-06,0.000180826821224479,1.59312423256036,4.50095108384924,TRUE,"Up in treated"
"Gene0002",265.129149227083,1.37304082133797,0.371397800111756,1.10540051448354e-05,0.000287695028637953,1.53766219019559,4.39545679152626,TRUE,"Up in treated"
"Gene0053",68.6063448982479,1.31082579071217,0.359773566377802,1.38620861996117e-05,0.000351528288497845,1.47203258243297,4.34603436354764,TRUE,"Up in treated"
"Gene0051",264.497667590056,1.10298347188769,0.300935289034165,1.46976648283931e-05,0.000363399762882019,1.23413832204423,4.33317131537699,TRUE,"Up in treated"
"Gene0079",16.7713094745018,-1.4637156405019,0.40264408177936,1.51328765754957e-05,0.000365034510565005,-1.64780071744488,-4.32674531416757,TRUE,"Down in treated"
"Gene0099",62.183980845453,-1.04836424730519,0.28761083330662,1.62025274721841e-05,0.000381530944523572,-1.1742840022613,-4.31167116707674,TRUE,"Down in treated"
"Gene0092",45.648985584264,-1.2172720456404,0.343195954654477,2.01173888257765e-05,0.00046269994299286,-1.37532013143792,-4.26358392854244,TRUE,"Down in treated"
"Gene0036",124.399367923957,1.25523370188404,0.36300479871719,2.12278030046174e-05,0.000477143117535604,1.4248069733313,4.25156905983498,TRUE,"Up in treated"
"Gene0095",30.1521444989277,-1.33744189781576,0.384550476399453,2.33862669542885e-05,0.00051397817817314,-1.51819747322217,-4.22983510562808,TRUE,"Down in treated"
"Gene0080",58.5330572237955,-1.07593080969818,0.308346220955291,2.83394980051309e-05,0.000609299207110314,-1.21609387038064,-4.18641500922063,TRUE,"Down in treated"
"Gene0052",83.4277420899305,1.16264538912959,0.338924020855537,3.2651859808685e-05,0.000687078496825308,1.31943556668087,4.15413623904259,TRUE,"Up in treated"
"Gene0067",63.9621371418203,-1.21493228856425,0.370643419280268,3.61038131835876e-05,0.000743888984136837,-1.39470312114034,-4.13109576150425,TRUE,"Down in treated"
"Gene0025",367.265939488921,1.22891978184723,0.387161926745527,4.70691677780317e-05,0.00095002871290762,1.4201853567383,4.06972250322323,TRUE,"Up in treated"
"Gene0047",115.401538116489,1.04565142232064,0.311082398331031,5.24634144482018e-05,0.00101737876253474,1.18965042914787,4.04437265689475,TRUE,"Up in treated"
"Gene0060",88.6792190603333,1.02884111056157,0.306228903447527,5.20501728490491e-05,0.00101737876253474,1.17047257780381,4.0462251504803,TRUE,"Up in treated"
"Gene0023",660.091362864679,1.11318828459211,0.343345366983996,5.66927369301441e-05,0.0010782522466137,1.27817319127638,4.02616988278022,TRUE,"Up in treated"
"Gene0066",151.641474879112,-0.95966645612398,0.299890890350582,7.31363754369664e-05,0.00136475236428603,-1.10316264605085,-3.96584501659083,FALSE,"Not significant"
"Gene0065",40.1451196425292,-1.03313221113945,0.324381373642981,9.72102319727458e-05,0.00178038739668603,-1.19063102346184,-3.89745162593851,TRUE,"Down in treated"
"Gene0022",421.525901519791,1.09573310621506,0.35741045623921,0.000112739214988237,0.00202725606587939,1.27324343797833,3.86139986978328,TRUE,"Up in treated"
"Gene0064",14.390669402893,-1.39311971597058,0.456645324211141,0.000115383599033751,0.00203775677579249,-1.63159021575199,-3.85573251668047,TRUE,"Down in treated"
"Gene0007",197.761647564928,0.900624386900277,0.29132331773193,0.000153039749947273,0.00265537390697988,1.04028997023584,3.78608434123088,FALSE,"Not significant"
"Gene0030",341.177669926131,0.810860926639134,0.260057966391969,0.000160091595796402,0.00272983772832141,0.933741248739982,3.7748692728573,FALSE,"Not significant"
"Gene0056",199.271409768257,0.927711537030542,0.309829407771462,0.000190146875510626,0.00318737728610185,1.08173649185895,3.73175965865831,FALSE,"Not significant"
"Gene0041",67.0628305337388,0.967317762619271,0.3281105790457,0.000218490055860143,0.00360144442076136,1.13296434231418,3.69661878043537,FALSE,"Not significant"
"Gene0077",132.61546211635,-1.10690771019587,0.401545963026091,0.000237353000250237,0.00384823143028663,-1.32291604971339,-3.67553338293614,TRUE,"Down in treated"
"Gene0076",37.1378019767538,-1.00604314909966,0.349958172084691,0.000243816245165743,0.00388926236240193,-1.18853097382458,-3.66866926778987,TRUE,"Down in treated"
"Gene0020",42.5371946818944,1.08576385442839,0.386299724352979,0.000257144236222767,0.00403675634324312,1.29165136447352,3.65503765189381,TRUE,"Up in treated"
"Gene0087",48.3725915495143,-1.00974252636611,0.383717502659207,0.0004920251091943,0.00748635127681789,-1.22322727288252,-3.48506086443416,TRUE,"Down in treated"
"Gene0088",38.092157839386,-0.88924627114753,0.328956807340461,0.000486265481591961,0.00748635127681789,-1.06613151395587,-3.48821028376471,FALSE,"Not significant"
"Gene0045",259.588305686665,0.898312176133242,0.343089511170018,0.00051634829514622,0.00773740096817594,1.08500698600012,3.47212892728699,FALSE,"Not significant"
"Gene0055",36.5341224829755,0.919728967929289,0.349942134281411,0.000566947335598065,0.00836881962546994,1.11079760896686,3.4469529370563,FALSE,"Not significant"
"Gene0091",213.332825429833,-0.805131768867412,0.297500427535063,0.000583898347812674,0.0084922862645108,-0.958704265880929,-3.43898557413278,FALSE,"Not significant"
"Gene0050",201.902185039401,0.845982674494392,0.32359774014436,0.000688765599776029,0.00987230693012308,1.02051360652274,3.39401245501468,FALSE,"Not significant"
"Gene0046",1854.94996351046,0.918838985248608,0.36013017642151,0.000726155899038985,0.0102595454878508,1.11907899181545,3.37950839398269,FALSE,"Not significant"
"Gene0001",15.9286093126547,1.05715688496266,0.430201618631533,0.000748650154944185,0.0104283803273211,1.30898442461498,3.37111346794581,TRUE,"Up in treated"
"Gene0089",184.072398737316,-0.674049325476477,0.256847503951823,0.000975562845050904,0.0134004396354909,-0.805323170229952,-3.29748097208105,FALSE,"Not significant"
"Gene0063",20.2187307133879,-0.890708852191185,0.375439584624162,0.00122957468860645,0.0166582105072846,-1.11159770128819,-3.2319293116162,FALSE,"Not significant"
"Gene0048",71.4795590760886,0.903024244241638,0.39229609172306,0.00130722891445961,0.0174709377891967,1.13723524079206,3.21438802088778,FALSE,"Not significant"
"Gene0094",85.2741417211655,-0.715369676611247,0.318294116322249,0.00195764668096928,0.0258148342330483,-0.898956707014873,-3.09658357624913,FALSE,"Not significant"
"Gene0430",44.2913619506801,0.702316725426908,0.323596581558958,0.00285553982240423,0.0371595905836551,0.895043830562863,2.98287565423282,FALSE,"Not significant"
"Gene0725",36.8495863818297,0.709655036089281,0.346143798023397,0.00319850931984967,0.0405554579145042,0.924420214272459,2.94798659693387,FALSE,"Not significant"
"Gene0240",78.4406443018152,-0.6720373019922,0.31589524944417,0.00317677299120294,0.0405554579145042,-0.862132998551678,-2.95009396314796,FALSE,"Not significant"
"Gene0033",15.7209026007235,0.813591039037381,0.414577988972946,0.0033051759606094,0.0413774560131986,1.08473046259166,2.93783057235826,FALSE,"Not significant"
"Gene0029",35.7473415727333,0.735946073265095,0.358078546382877,0.0033671439310432,0.0416263168475216,0.958777925768878,2.93206672631957,FALSE,"Not significant"
"Gene0024",43.190320893636,0.78507690313393,0.418138468688701,0.00378390237144775,0.0462009808069361,1.06287974453327,2.89563665604911,FALSE,"Not significant"
"Gene0096",16.180727263945,-0.756025873841766,0.388704761970768,0.00401687224080574,0.0478636945320106,-1.01078273195026,-2.87683370221721,FALSE,"Not significant"
"Gene0084",124.347477423945,-0.676203558760115,0.344342150092496,0.00399407141623049,0.0478636945320106,-0.896168720729062,-2.87862959364317,FALSE,"Not significant"
"Gene0072",27.9122451292009,-0.729378189234326,0.387017854955532,0.00429878057527494,0.0506130236779395,-0.985464687864394,-2.85536195816903,FALSE,"Not significant"
"Gene0071",110.145296671109,-0.640334837342983,0.333688519119517,0.00497310171866782,0.0578635011736762,-0.852683804212511,-2.80877093496929,FALSE,"Not significant"
"Gene0848",44.4460541136983,0.586652336713941,0.304608296137234,0.00676846849335285,0.0778373876735578,0.7744611050966,2.70802617033457,FALSE,"Not significant"
"Gene0032",189.064696990589,0.65552320766769,0.384214910784842,0.00701088357253182,0.0796984350946433,0.920154466735986,2.69632685239771,FALSE,"Not significant"
"Gene0031",561.522547018071,0.620416195410139,0.393903949686571,0.00758961854477125,0.0852969629633951,0.904783954257315,2.6698011232057,FALSE,"Not significant"
"Gene0019",63.7793324358623,0.608293752584222,0.345795906650052,0.00823921770325268,0.0915571495338978,0.839343561132254,2.64210636263376,FALSE,"Not significant"
"Gene0827",93.3937454795374,-0.568857124730742,0.328308892392923,0.00860044389198853,0.094509322324185,-0.788807651947779,-2.62754115005119,FALSE,"Not significant"
"Gene0440",249.906854231172,-0.471690439899187,0.244480279105886,0.00964020619979026,0.104771032215303,-0.612180793731172,-2.58847457983009,FALSE,"Not significant"
"Gene0082",137.11233816926,-0.474748236163477,0.247316262875329,0.0101603998756355,0.109224298663081,-0.617760246053282,-2.57032209342238,FALSE,"Not significant"
"Gene0908",141.504221047669,0.53958715818128,0.309398676395627,0.010741096079678,0.114225204546253,0.741866804428747,2.55101091844642,FALSE,"Not significant"
"Gene0368",42.5986182243878,0.543497961291364,0.324694576614402,0.0116832958815239,0.121801867170743,0.764372140080351,2.52156839995153,FALSE,"Not significant"
"Gene0134",102.480658201823,0.540188477179999,0.325940933023951,0.0116998760174121,0.121801867170743,0.762074841751831,2.52106944231586,FALSE,"Not significant"
"Gene0061",10.301452825219,-0.65190217190162,0.46913066315542,0.0123795860479861,0.124956880337566,-1.02032535649516,-2.50113533662856,FALSE,"Not significant"
"Gene0751",125.594983481564,-0.587681253581622,0.444291843337088,0.0123290635177461,0.124956880337566,-0.943228011867295,-2.50258322315128,FALSE,"Not significant"
"Gene0199",41.9509378610538,-0.561151194934674,0.354098462114159,0.0123819760091825,0.124956880337566,-0.813781050801039,-2.50106697429619,FALSE,"Not significant"
"Gene0228",402.853804234105,0.561524280850258,0.385172957819143,0.012651492688241,0.125306402650632,0.850362901862434,2.49343168567825,FALSE,"Not significant"
"Gene0349",411.5828108757,-0.559255714238824,0.395030592376004,0.0127051251143647,0.125306402650632,-0.864094010645201,-2.49192950519352,FALSE,"Not significant"
"Gene0778",49.6021647943442,0.52520221650094,0.312368892227264,0.0127967104830271,0.125306402650632,0.734392096902436,2.48937723484878,FALSE,"Not significant"
"Gene0222",113.521514362166,-0.483031255335014,0.279329562066948,0.0135117840608035,0.13101131800132,-0.661681949164097,-2.46998732222387,FALSE,"Not significant"
"Gene0471",702.801697717938,-0.445135912673752,0.242156386907163,0.0138203257564613,0.132701962846021,-0.585870429627799,-2.46189983497231,FALSE,"Not significant"
"Gene0081",88.6870269102603,-0.556177015390038,0.388109471210264,0.0154102282446206,0.146545343595478,-0.853361715756233,-2.42259188120351,FALSE,"Not significant"
"Gene0152",152.10720172977,-0.438909096859025,0.245874824878689,0.0155683070739938,0.146638625677904,-0.585115592428727,-2.41888159029104,FALSE,"Not significant"
"Gene0279",52.1976844114439,0.543669844316819,0.372832227206643,0.0161370974938061,0.150562164352587,0.823668488238399,2.40579997577274,FALSE,"Not significant"
"Gene0656",49.2711949831676,0.447672488011167,0.25938941680599,0.0168402544706906,0.155654314687037,0.607586089213236,2.39017700484285,FALSE,"Not significant"
"Gene0009",558.567904739466,0.460306578855436,0.282080754981517,0.0171539930608872,0.157086103122383,0.646547434832955,2.38339036895314,FALSE,"Not significant"
"Gene0579",13.7200623614184,0.560858451357901,0.423478395928128,0.0174647148604647,0.158464247678896,0.901853264482752,2.37677548066306,FALSE,"Not significant"
"Gene0746",33.2221533162881,-0.473310244964751,0.305422747498631,0.0195116590448278,0.175427552684861,-0.685206754712553,-2.33560842587568,FALSE,"Not significant"
"Gene0757",75.6398322871876,-0.468321532013999,0.320283476334003,0.0213210730922624,0.189968840434663,-0.700741831544387,-2.30225008255828,FALSE,"Not significant"
"Gene0139",231.469205917893,-0.38002007714326,0.217721878414136,0.0224175606023801,0.19795506639066,-0.50112027836402,-2.28321748615822,FALSE,"Not significant"
"Gene0166",26.8915262861594,-0.486763342144529,0.375928967736729,0.0234795180503362,0.203919297669593,-0.791962689092607,-2.26554072169861,FALSE,"Not significant"
"Gene0871",197.667375554252,-0.402907990360361,0.244079714198639,0.023505358882036,0.203919297669593,-0.551269547776593,-2.26511931127835,FALSE,"Not significant"
"Gene0013",54.4309067882474,0.43851580513707,0.287902621087866,0.0238724415290309,0.20432929510491,0.635300160573344,2.25917596098698,FALSE,"Not significant"
"Gene0193",186.854078979901,-0.419674928859504,0.274957531454049,0.023965822277219,0.20432929510491,-0.604246303995133,-2.25767670999031,FALSE,"Not significant"
"Gene0266",177.765673142207,-0.405428673607839,0.253410336602834,0.0247983002975006,0.209619820463488,-0.565335270661737,-2.24453032096826,FALSE,"Not significant"
"Gene0028",78.9222507952517,0.431914253423358,0.325908589872163,0.0307307998532146,0.257565771651095,0.683508074669803,2.16054117276714,FALSE,"Not significant"
"Gene0255",22.7126274921955,-0.422109100592738,0.308138526385331,0.0325633413836962,0.270631467466181,-0.650147460803208,-2.13742621154291,FALSE,"Not significant"
"Gene0044",36.4438663242996,0.432484805265888,0.37138938694661,0.033570202669612,0.276273646459739,0.754718490601725,2.12519670745183,FALSE,"Not significant"
"Gene0448",45.5932604301109,0.429072843808298,0.37199965406501,0.0338009213565505,0.276273646459739,0.753575955114208,2.12243862722992,FALSE,"Not significant"
"Gene0652",282.147639151518,-0.395811099197155,0.299608823988123,0.0343824584437314,0.278723372138117,-0.620399333107575,-2.11555751466637,FALSE,"Not significant"
"Gene0603",46.1704169955656,0.42810061634475,0.349461631767387,0.0353659186266698,0.279815148174211,0.716938160776999,2.1041436453167,FALSE,"Not significant"
"Gene0529",164.202610216425,0.391048593721028,0.278913718128123,0.0349329490522019,0.279815148174211,0.586013689493515,2.10913478539227,FALSE,"Not significant"
"Gene0532",56.6995386683223,-0.383329229985319,0.262411180839933,0.0352128439732719,0.279815148174211,-0.558187245989212,-2.10590225258758,FALSE,"Not significant"
"Gene0741",24.6913182410434,0.427980729040794,0.390409939868703,0.0361669337210734,0.283881725794774,0.784392421147613,2.09504566029073,FALSE,"Not significant"
"Gene0304",316.210006852043,-0.386529230309799,0.303398636264931,0.0382682721160769,0.298007253055091,-0.621052143616861,-2.07196964522286,FALSE,"Not significant"
"Gene0422",83.9409530487285,-0.378097380005875,0.269385832847486,0.0385691894752797,0.298007253055091,-0.563998908384568,-2.06875386750412,FALSE,"Not significant"
"Gene0027",59.6269901188416,0.378976053662482,0.284908972924707,0.0401606899599138,0.306737747143167,0.586049197568758,2.05209233261499,FALSE,"Not significant"
"Gene0885",199.758941593378,0.36249317128375,0.249655905976965,0.0403194207569381,0.306737747143167,0.52235906576486,2.0504614622477,FALSE,"Not significant"
"Gene0720",86.7465426256386,0.383666225510446,0.289406425953789,0.0412988139054336,0.309428234488438,0.596259333742031,2.04051745915022,FALSE,"Not significant"
"Gene0653",96.5600911353313,0.356435046530722,0.245186417643435,0.0410898502212209,0.309428234488438,0.512185989407356,2.0426222154035,FALSE,"Not significant"
"Gene0815",538.546473622203,-0.370439044309829,0.294893216562089,0.0437863935323936,0.325599572958927,-0.596497011852526,-2.01612990646163,FALSE,"Not significant"
"Gene0747",15.3737222485519,-0.396800642095501,0.36897841230707,0.0445564925033221,0.328853515565564,-0.740301172873454,-2.00881749200994,FALSE,"Not significant"
"Gene0648",43.8517544404176,0.386192658179115,0.330870407238108,0.0451372358478031,0.330672046322053,0.6651197604987,2.00337329315195,FALSE,"Not significant"
"Gene0276",11.2819037472812,-0.390154153589434,0.374302636674891,0.0487873001937736,0.354784116850309,-0.749874895619842,-1.97044580645186,FALSE,"Not significant"
"Gene0372",93.1657083073991,-0.338298546303838,0.242604494871573,0.0491612188595361,0.35489376242395,-0.494171964182583,-1.96719079479496,FALSE,"Not significant"
"Gene0287",346.743042703857,0.339858754545321,0.247987121875756,0.0499917985657949,0.358274556388197,0.500942885575413,1.96003415297525,FALSE,"Not significant"
"Gene0237",40.1105043947697,0.370566155375191,0.32328418549689,0.0505048748654797,0.359347634834241,0.644056135185743,1.95566292559001,FALSE,"Not significant"
"Gene0016",39.9418031408096,0.379818131160884,0.357078056815903,0.0510948148956384,0.360948370941331,0.710031702384772,1.95068259650735,FALSE,"Not significant"
"Gene0437",81.6420919319494,0.340683500795394,0.259709271317976,0.0516328500548698,0.362162331235931,0.519519542597197,1.94618226038551,FALSE,"Not significant"
"Gene0388",238.345942054731,-0.343114686950363,0.296810330161811,0.0531953090481131,0.366408083207358,-0.583025876588876,-1.93333202550773,FALSE,"Not significant"
"Gene0348",145.969263415447,-0.334699326637825,0.247378040725501,0.0533496096884324,0.366408083207358,-0.497882177410707,-1.93208018453198,FALSE,"Not significant"
"Gene0499",70.4763719317013,0.326861340366641,0.232981681733581,0.0527418517649921,0.366408083207358,0.470600218059969,1.937028564481,FALSE,"Not significant"
"Gene0408",355.147396442451,0.355204384824158,0.326505246491069,0.0568283809572787,0.387608750115508,0.640195741978866,1.9046284863764,FALSE,"Not significant"
"Gene0561",62.4394050082549,-0.347509832773981,0.30238121373336,0.0580618991724089,0.393309714256934,-0.595143294784279,-1.8952302879863,FALSE,"Not significant"
"Gene0387",102.412641819862,0.331666476020134,0.261409746098844,0.0588160151313308,0.39570774806045,0.515525795690067,1.88956609612474,FALSE,"Not significant"
"Gene0582",27.6304279180511,0.346651170053754,0.30143872235963,0.0603796771393991,0.401672993948701,0.593217605290224,1.87801087690053,FALSE,"Not significant"
"Gene0204",25.390555379704,-0.345690895628011,0.317392899927205,0.0609210809831195,0.401672993948701,-0.623410387989857,-1.87406779858515,FALSE,"Not significant"
"Gene0571",114.746981690712,0.332211282876307,0.279682562885726,0.0608385258465509,0.401672993948701,0.545110699877089,1.87466717178481,FALSE,"Not significant"
"Gene0683",93.6919766993569,-0.333272550958064,0.310667655293939,0.0635979666622971,0.416545622708687,-0.605003981094417,-1.85498781474562,FALSE,"Not significant"
"Gene0832",17.6205866362942,-0.332470654248527,0.365030256274184,0.0641566000146148,0.417050231583786,-0.731893879783086,-1.85109004499965,FALSE,"Not significant"
"Gene0696",99.5152583812443,-0.322473265976789,0.265174602777754,0.0645183876969861,0.417050231583786,-0.515698682299918,-1.84858065830305,FALSE,"Not significant"
"Gene0011",117.814191538095,0.317835858634478,0.265868117709826,0.065360374359259,0.419749417151345,0.511972714860288,1.84278522849294,FALSE,"Not significant"
"Gene0575",465.497659613179,0.300523493564672,0.224187394334036,0.0674071810652537,0.430101303700232,0.433863433274255,1.82894945160472,FALSE,"Not significant"
"Gene0907",23.9209657962776,0.332903933567909,0.307308500901538,0.0696942934805176,0.434011409210098,0.597171614166168,1.81389239709029,FALSE,"Not significant"
"Gene0068",22.0850706367721,-0.331703319747502,0.294892361970017,0.0687124538443745,0.434011409210098,-0.573161146184126,-1.82030576569506,FALSE,"Not significant"
"Gene0113",109.893766785733,-0.327763178250299,0.304508479316095,0.0697753428355972,0.434011409210098,-0.589819341128432,-1.81336630549702,FALSE,"Not significant"
"Gene0564",217.156569059874,0.324809257786595,0.318500308884397,0.0690484425880088,0.434011409210098,0.615682492003454,1.8181026661465,FALSE,"Not significant"
"Gene0816",105.168208732157,0.328657112276984,0.318625436339267,0.0713141055104049,0.44081031468619,0.617462852786892,1.80347208576666,FALSE,"Not significant"
"Gene0446",286.555170548336,0.321762083347206,0.293800561497833,0.0721272935804329,0.443067660565517,0.562573763138084,1.79831380315627,FALSE,"Not significant"
"Gene0194",120.364668910027,0.304759551753801,0.359888160425156,0.0728435538340634,0.444705399641288,0.727129686179126,1.79380966460696,FALSE,"Not significant"
"Gene0923",81.7392075799538,0.31304335512265,0.269242569112457,0.07337332417468,0.445191519072138,0.514906082286882,1.79050151339957,FALSE,"Not significant"
"Gene0952",38.8886287090957,0.31868856292699,0.307782604186617,0.0754300122440685,0.44647661378242,0.592830351190577,1.77784075844821,FALSE,"Not significant"
"Gene0624",92.7085535642161,-0.316756404316279,0.298191533838388,0.0754478530280754,0.44647661378242,-0.572312828112324,-1.77773217263312,FALSE,"Not significant"
"Gene0378",65.4500920942396,-0.316561574057975,0.280673271381883,0.0745375302904828,0.44647661378242,-0.537670003644056,-1.78329969959796,FALSE,"Not significant"
"Gene0892",39.4795366987042,-0.314061950593209,0.319249742002614,0.076146784158683,0.44647661378242,-0.617671833564594,-1.77349461051021,FALSE,"Not significant"
"Gene0159",81.7792065617706,0.311718268975662,0.285920664889617,0.0762937793015461,0.44647661378242,0.544318928056309,1.77260743237666,FALSE,"Not significant"
"Gene0583",7.64208003033633,-0.283344229018099,0.393592750032453,0.0748790238401167,0.44647661378242,-0.926557040354813,-1.78120465283167,FALSE,"Not significant"
"Gene0147",73.1886455011462,-0.297544941069842,0.328686718818343,0.0774318811865381,0.450471355844036,-0.641623163282846,-1.7657852668642,FALSE,"Not significant"
"Gene0695",41.5559041307767,-0.306754655211402,0.266026249141151,0.0781478552479372,0.451977946433976,-0.505885145236422,-1.76153523210184,FALSE,"Not significant"
"Gene0103",32.6412285995041,0.313543531828641,0.318146368632959,0.0802638101700934,0.45950928750023,0.613554022380693,1.74915743082284,FALSE,"Not significant"
"Gene0795",33.2940673696701,0.308705758669015,0.285577147496466,0.0806867759508089,0.45950928750023,0.542295007310838,1.7467150644242,FALSE,"Not significant"
"Gene0958",36.4478919339577,-0.307694513140397,0.281039042197361,0.080843898913084,0.45950928750023,-0.534152667125023,-1.74581042470211,FALSE,"Not significant"
"Gene0359",51.7476948139508,0.310230197571116,0.304948398477968,0.0822940667386352,0.463384678316494,0.582551491422812,1.7375277130873,FALSE,"Not significant"
"Gene0921",262.658722715488,0.305126164319929,0.289199337549701,0.0824627941190121,0.463384678316494,0.547812273717726,1.73657172407766,FALSE,"Not significant"
"Gene0712",24.7648511209105,0.30789132966445,0.291263737269705,0.083872783516314,0.463513203950584,0.553346087909611,1.72864425743131,FALSE,"Not significant"
"Gene0227",207.69486296428,-0.301908031888683,0.275221684889709,0.0842903079296004,0.463513203950584,-0.518998593448559,-1.72631750441469,FALSE,"Not significant"
"Gene0904",104.729328532613,0.299218138579515,0.268090772485699,0.084240545431019,0.463513203950584,0.503000565891355,1.72659432733388,FALSE,"Not significant"
"Gene0912",82.52734595956,0.297689379908154,0.262521789838174,0.0843603404561225,0.463513203950584,0.492157512727538,1.72592814566963,FALSE,"Not significant"
"Gene0315",85.7908370561103,0.298043550018896,0.270341812649967,0.0854051836031865,0.466661472837301,0.506455958782475,1.72014997470323,FALSE,"Not significant"
"Gene0534",99.2893992129538,-0.299512555481455,0.275594160685839,0.085940681274682,0.467007328465168,-0.517800543821882,-1.71721069967283,FALSE,"Not significant"
"Gene0667",258.927310117497,-0.289585281344654,0.258755959182844,0.0872252658345701,0.471397748144207,-0.48065815243478,-1.71021963671089,FALSE,"Not significant"
"Gene0198",153.837115712316,0.280979087292859,0.235879024885986,0.0890676382309467,0.477374999870399,0.435943134755557,1.70033655510259,FALSE,"Not significant"
"Gene0157",238.95704957776,-0.278828389290509,0.230742822903981,0.0892966379939573,0.477374999870399,-0.425833612927432,-1.6991196695686,FALSE,"Not significant"
"Gene0301",19.668046351329,-0.293661873352115,0.306348794937136,0.0942950784914715,0.496052301213114,-0.583023927055925,-1.67316367847899,FALSE,"Not significant"
"Gene0985",33.4109257909566,0.291459223333039,0.296371885188185,0.0938559422858062,0.496052301213114,0.558008323567992,1.67539915509853,FALSE,"Not significant"
"Gene0879",151.207999197142,0.281785205433882,0.266976045209947,0.0941131055086126,0.496052301213114,0.489350519906082,1.67408901927376,FALSE,"Not significant"
"Gene0168",48.5649950256972,0.285108251681437,0.281883642237178,0.0994779753622248,0.517809040174949,0.521930533614243,1.64738967922625,FALSE,"Not significant"
"Gene0281",9.18484366289288,0.276981487513028,0.341053097270633,0.0993889830252185,0.517809040174949,0.692020959558484,1.64782307224847,FALSE,"Not significant"
"Gene0651",110.067402854824,0.278888805113395,0.255188074724985,0.100308315828533,0.519397509708999,0.464802536346434,1.64336075042373,FALSE,"Not significant"
"Gene0822",56.1133113273885,-0.284033804944473,0.290786270298282,0.101895579440175,0.523871335687481,-0.541282859265559,-1.63573252391198,FALSE,"Not significant"
"Gene0640",321.090171447058,-0.273727814374865,0.278564974502005,0.102484818329715,0.523871335687481,-0.511392441575916,-1.632924777199,FALSE,"Not significant"
"Gene0125",5.2806635737656,0.225528383311114,0.355636662135943,0.102761414684905,0.523871335687481,0.937517023870196,1.63161121248216,FALSE,"Not significant"
"Gene0585",33.0690777186093,-0.276067337633956,0.285311704909583,0.106750628612397,0.541417290757234,-0.526696036695962,-1.61297182740259,FALSE,"Not significant"
"Gene0909",97.1233473418832,-0.270871927962374,0.281828946977435,0.111754990868852,0.56351674307268,-0.515804042861267,-1.59035418663702,FALSE,"Not significant"
"Gene0649",86.6436721522635,-0.268470663434741,0.276783535392634,0.112247521117612,0.56351674307268,-0.503245283537488,-1.58817168885817,FALSE,"Not significant"
"Gene0733",81.2967477502711,-0.255021701856389,0.296553832668907,0.113533445478508,0.567093826152748,-0.552537634774956,-1.58250888556808,FALSE,"Not significant"
"Gene0037",92.3968131545726,0.264158676113461,0.265310156494165,0.117370468790938,0.577509421065861,0.47480910513784,1.5659066671579,FALSE,"Not significant"
"Gene0754",624.814394792396,0.261776071947928,0.246887706428472,0.117221076281813,0.577509421065861,0.435554869432104,1.56654502573641,FALSE,"Not significant"
"Gene0439",68.0481704690856,0.256728581255673,0.248588605180652,0.117307884482809,0.577509421065861,0.436753666795484,1.56617401406708,FALSE,"Not significant"
"Gene0793",33.7838838990488,0.262092028996293,0.264811493556243,0.118007679952781,0.577770274620301,0.473987459604881,1.56319098483411,FALSE,"Not significant"
"Gene0940",79.7705681873665,0.264145087411851,0.298266514356459,0.118926229513116,0.57939921669198,0.554179211186039,1.55929645872397,FALSE,"Not significant"
"Gene0799",24.1731557005459,-0.259893535561255,0.268368778885017,0.122929840300466,0.587331459213338,-0.480544861461247,-1.54259183523713,FALSE,"Not significant"
"Gene0802",44.0582373151395,-0.25725546819388,0.253300018222835,0.121536667374461,0.587331459213338,-0.446677586100801,-1.54835575572372,FALSE,"Not significant"
"Gene0538",148.456308516502,0.244093483748627,0.216286957293308,0.122877835364937,0.587331459213338,0.371698162919057,1.54280607376493,FALSE,"Not significant"
"Gene0560",131.863443009107,0.239780741380692,0.208154007710923,0.12260831282045,0.587331459213338,0.356439975381635,1.54391752976546,FALSE,"Not significant"
"Gene0376",47.0839469212732,-0.251726850324262,0.310173964128938,0.126033097119557,0.599263139669431,-0.593872868633518,-1.52993387607169,FALSE,"Not significant"
"Gene0191",241.735468114017,-0.238878280226212,0.298617070962181,0.127403233250427,0.602879414759198,-0.560328999181963,-1.52442237901973,FALSE,"Not significant"
"Gene0337",27.1823189341423,0.24999502235107,0.25401797853593,0.131569003875007,0.61393142891208,0.442645312365872,1.5079434382978,FALSE,"Not significant"
"Gene0969",25.9243558862153,-0.249858866411455,0.280914160902244,0.1328955299175,0.61393142891208,-0.504470556202647,-1.50278098882657,FALSE,"Not significant"
"Gene0332",292.478475283346,-0.248614813990801,0.265358103750858,0.133589561381729,0.61393142891208,-0.467096856532057,-1.50009590566728,FALSE,"Not significant"
"Gene0244",59.5391106430725,-0.246364704412474,0.245092774152689,0.131916001594206,0.61393142891208,-0.423013836971775,-1.50658914465689,FALSE,"Not significant"
"Gene0109",283.987569461093,-0.243959851323903,0.242403838937079,0.1306023469716,0.61393142891208,-0.415762300332067,-1.5117308506818,FALSE,"Not significant"
"Gene0685",229.077345549711,-0.242205855263199,0.234350026888429,0.134084113897886,0.61393142891208,-0.400166961561437,-1.49818914962731,FALSE,"Not significant"
"Gene0955",86.4721474982243,-0.23732239086329,0.219613541154866,0.132714813360653,0.61393142891208,-0.37133992204582,-1.50348192949023,FALSE,"Not significant"
"Gene0436",21.5188714958388,0.249406958116765,0.276843711835466,0.135940791456881,0.619564252308087,0.494408450527107,1.49107886133526,FALSE,"Not significant"
"Gene0792",35.5591087723634,0.244907082992391,0.290825144241429,0.138019234037562,0.626151479188755,0.531187362035615,1.48320770758137,FALSE,"Not significant"
"Gene0723",27.0305834110909,0.156179245954887,0.316606406226842,0.140668955284455,0.635258432768611,0.95183580103157,1.47330447242018,FALSE,"Not significant"
"Gene0959",530.688493302928,0.238847934884383,0.252755221099001,0.142450281437805,0.637481123719407,0.430975538068651,1.46672719657885,FALSE,"Not significant"
"Gene0808",128.884149624698,-0.228770703629347,0.215716891927227,0.141897912329345,0.637481123719407,-0.356589166668696,-1.46875994334672,FALSE,"Not significant"
"Gene0657",536.442898142687,-0.222453364994669,0.208027791118957,0.146971346019954,0.654750726187993,-0.339874454240852,-1.45031267521079,FALSE,"Not significant"
"Gene0257",35.2814986471551,0.236365815432864,0.269645175724882,0.14991127593501,0.656338274499607,0.469613105370142,1.43984493150475,FALSE,"Not significant"
"Gene0961",25.9412184781774,-0.236004145460004,0.280489898510609,0.148388136561811,0.656338274499607,-0.500353277653748,-1.44524836202659,FALSE,"Not significant"
"Gene0830",247.660608215233,0.235494559354768,0.258139852016519,0.149796279560339,0.656338274499607,0.440953774518994,1.4402514223161,FALSE,"Not significant"
"Gene0590",53.7709525486056,-0.235217977490839,0.256305619382832,0.150645893135906,0.656338274499607,-0.437633135205865,-1.43725379274009,FALSE,"Not significant"
"Gene0826",64.4494466283689,-0.234047105013525,0.269000153674366,0.150007395623467,0.656338274499607,-0.466678618184449,-1.43950534871617,FALSE,"Not significant"
"Gene0806",210.767763076598,-0.230668368269557,0.263002388234747,0.154491114597646,0.667212717629135,-0.451018450729487,-1.42384579906562,FALSE,"Not significant"
"Gene0633",1670.84004375844,0.225200842945801,0.228746191812289,0.154460629955612,0.667212717629135,0.375819909739092,1.42395109320504,FALSE,"Not significant"
"Gene0515",20.4272490648717,-0.217293783568748,0.303910540981499,0.157212804043111,0.676015057385379,-0.589566389345651,-1.41450798670417,FALSE,"Not significant"
"Gene0177",170.551884855091,0.226498318829511,0.243413263029711,0.158323730897946,0.67784489116047,0.402912436182658,1.41073173137299,FALSE,"Not significant"
"Gene0665",30.1111400857245,0.230216378539562,0.278241217420276,0.159242349188577,0.678768233247512,0.490590793366761,1.40762429615439,FALSE,"Not significant"
"Gene0731",27.0080463147622,-0.229290168946367,0.255941169806074,0.159912030684196,0.678768233247512,-0.43327267628613,-1.40536748363095,FALSE,"Not significant"
"Gene0797",21.8446775430147,-0.228091536222359,0.259255085746487,0.16063865551134,0.678773488809056,-0.439695813934603,-1.40292684253646,FALSE,"Not significant"
"Gene0458",61.7904039776372,-0.226354044268907,0.255638365899791,0.161972237976681,0.678773488809056,-0.43063973075001,-1.39846912495941,FALSE,"Not significant"
"Gene0314",14.3772992841901,-0.220882671240851,0.294864699311511,0.161317499434091,0.678773488809056,-0.549254842094998,-1.40065421776854,FALSE,"Not significant"
"Gene0927",60.1380999081764,0.223214235479833,0.241642688926766,0.163040629424295,0.680367858652439,0.3965771604491,1.39491779786524,FALSE,"Not significant"
"Gene0390",77.4518172352398,-0.225201643520029,0.25679300829947,0.165257104574431,0.683846344870762,-0.432172120244869,-1.3876058321073,FALSE,"Not significant"
"Gene0942",287.553806810219,-0.222363189827387,0.281391300173266,0.165117314382967,0.683846344870762,-0.501230148523892,-1.38806479870797,FALSE,"Not significant"
"Gene0261",35.8335471598064,0.223373226058299,0.238983233889862,0.166510333477066,0.686161332536744,0.39101326792638,1.38350415733032,FALSE,"Not significant"
"Gene0253",57.1214759502198,-0.220596457071944,0.249185370753257,0.168303966956167,0.687944133091698,-0.411314416539858,-1.3776739847617,FALSE,"Not significant"
"Gene0426",61.9898755793786,0.216796346043914,0.225233577258653,0.168334155923348,0.687944133091698,0.360717222637585,1.3775762562475,FALSE,"Not significant"
"Gene0288",42.867763718726,-0.218313134054559,0.252552792073755,0.175877877112167,0.69499049807897,-0.417239734772608,-1.3535566122611,FALSE,"Not significant"
"Gene0866",44.6766243467618,-0.214833723235329,0.275568392577421,0.173288707472209,0.69499049807897,-0.479833990678609,-1.36171226990324,FALSE,"Not significant"
"Gene0592",50.1756095822475,-0.212956954813531,0.286732039039564,0.176325631511551,0.69499049807897,-0.517301214346455,-1.35215532608957,FALSE,"Not significant"
"Gene0459",61.2858941294061,0.211445449547011,0.291758675729405,0.175360111486272,0.69499049807897,0.536196224933972,1.35518032548025,FALSE,"Not significant"
"Gene0697",388.029086307038,0.21137865223191,0.21680632419707,0.174080129622735,0.69499049807897,0.340565911522622,1.3592097593347,FALSE,"Not significant"
"Gene0705",54.590763985586,0.211044457413969,0.266064533100478,0.173499714144949,0.69499049807897,0.447921590825925,1.36104422428636,FALSE,"Not significant"
"Gene0247",21.858426901543,-0.210784424364593,0.277501074911033,0.176382826104976,0.69499049807897,-0.485356951155324,-1.35197652179947,FALSE,"Not significant"
"Gene0570",211.331616984859,-0.207814650433797,0.213314934461515,0.175798360760479,0.69499049807897,-0.332530983449627,-1.35380574364373,FALSE,"Not significant"
"Gene0771",12.8521586641266,-0.207806884349341,0.295889157761156,0.174865711207726,0.69499049807897,-0.559382778652728,-1.35673410668131,FALSE,"Not significant"
"Gene0674",19.8617263678721,-0.211986838483189,0.287403234407951,0.178074476393251,0.698213499598077,-0.520928868375342,-1.34670743615369,FALSE,"Not significant"
"Gene0245",105.405665177622,0.19741852289723,0.281871538086712,0.178612755711136,0.698213499598077,0.497390610455076,1.34503864300037,FALSE,"Not significant"
"Gene0411",162.029858873274,-0.210169360678205,0.230586011535048,0.182822757393098,0.711857114416435,-0.364334004443946,-1.33211391832573,FALSE,"Not significant"
"Gene0234",30.4260541348831,-0.20813035285984,0.256400599965403,0.192168402502044,0.742400586228598,-0.420479159741229,-1.30419119133936,FALSE,"Not significant"
"Gene0911",49.5634005019876,0.203567509824915,0.264692293437748,0.191625087007385,0.742400586228598,0.43973182164852,1.30578675055294,FALSE,"Not significant"
"Gene0343",105.289255146846,0.205209495259685,0.238835309404405,0.194629690366778,0.742813845866416,0.375556307745298,1.29700434915657,FALSE,"Not significant"
"Gene0506",76.751305979099,-0.204909103996354,0.259679640397911,0.193653166577852,0.742813845866416,-0.42728705018427,-1.29984771935232,FALSE,"Not significant"
"Gene0976",43.9178319322025,-0.202515771128652,0.235877474886098,0.197526785167422,0.742813845866416,-0.368222359463172,-1.28862989509914,FALSE,"Not significant"
"Gene0729",157.177649567569,-0.20236516617117,0.242884259982354,0.200163014689371,0.742813845866416,-0.383356168144834,-1.28108726995887,FALSE,"Not significant"
"Gene0442",330.563925739647,-0.202207910439121,0.220624281453851,0.196040974889976,0.742813845866416,-0.337384822013872,-1.29291350847998,FALSE,"Not significant"
"Gene0753",48.4149670309001,0.20214775645871,0.235290180153673,0.199745178448121,0.742813845866416,0.365636147460624,1.28227789777789,FALSE,"Not significant"
"Gene0566",352.048673451745,-0.202091682702993,0.250211638049086,0.194603286150378,0.742813845866416,-0.401331568392991,-1.29708109313852,FALSE,"Not significant"
"Gene0828",40.2116653145557,0.201775934731609,0.238660758993092,0.201586496660529,0.742813845866416,0.372240019109919,1.27704461467545,FALSE,"Not significant"
"Gene0563",72.6341815944837,-0.198546593740153,0.223113886162129,0.201889690098381,0.742813845866416,-0.339440980118601,-1.27618624417825,FALSE,"Not significant"
"Gene0404",100.142989286658,-0.198346010043357,0.230054973133652,0.199159759448442,0.742813845866416,-0.352288698971925,-1.28394911788889,FALSE,"Not significant"
"Gene0112",22.011710158628,0.196193929652231,0.273938840995033,0.202039357470239,0.742813845866416,0.468369013312126,1.27576286753503,FALSE,"Not significant"
"Gene0814",114.536456839484,-0.19608428091302,0.267092237207829,0.197017787848338,0.742813845866416,-0.449648959211391,-1.29009467693848,FALSE,"Not significant"
"Gene0479",194.969616501942,0.193881151733482,0.27072758523585,0.199298348701504,0.742813845866416,0.455766644626865,1.28355315741826,FALSE,"Not significant"
"Gene0726",64.1560425381216,-0.197719781294592,0.243294006730622,0.205056313033089,0.751113679961944,-0.379870564290585,-1.26727685594469,FALSE,"Not significant"
"Gene0755",44.0278211618484,0.192892082208409,0.279313285841419,0.206792168671007,0.75467695503921,0.48887550337687,1.262435369865,FALSE,"Not significant"
"Gene0444",69.2632638726322,0.197383839489664,0.245163156960715,0.208515578166258,0.75539160002355,0.383419455165519,1.25765769490097,FALSE,"Not significant"
"Gene0979",292.033445027591,0.195457435961495,0.239841957413997,0.207949192216913,0.75539160002355,0.371562769808416,1.25922467279436,FALSE,"Not significant"
"Gene0127",98.0654663872366,-0.195385119672936,0.242753247906095,0.210472262492473,0.759697327025752,-0.376367258145429,-1.25226789728056,FALSE,"Not significant"
"Gene0693",579.033237144584,0.193446065600384,0.227418837650675,0.212507811676396,0.764255366356204,0.342295826937473,1.24669920164689,FALSE,"Not significant"
"Gene0954",206.601623495062,0.194148861610111,0.240267556465749,0.216554539939157,0.772415441654243,0.369166010530979,1.23574183967186,FALSE,"Not significant"
"Gene0490",19.7266927849048,-0.188873795956351,0.277939416469367,0.216567591522987,0.772415441654243,-0.484640380738666,-1.23570673942705,FALSE,"Not significant"
"Gene0323",317.055787101736,-0.188870358776144,0.221220402661197,0.217119810697553,0.772415441654243,-0.326611937988462,-1.23422302279593,FALSE,"Not significant"
"Gene0188",55.5967410260256,0.190693924947509,0.242387343928843,0.218807916898607,0.775630931228394,0.371261923005312,1.22970413747493,FALSE,"Not significant"
"Gene0203",18.7768011491749,-0.188360785948346,0.270605667230257,0.219800971116609,0.776368430122595,-0.455742963354589,-1.22705752391598,FALSE,"Not significant"
"Gene0324",60.9028809748846,0.188640408384505,0.270888947481429,0.220657641412934,0.776620666752283,0.455809666603033,1.22478127635835,FALSE,"Not significant"
"Gene0362",39.1356497647517,-0.174559924149762,0.277122567625838,0.223274317548927,0.783043617219463,-0.481609627530262,-1.21786752842512,FALSE,"Not significant"
"Gene0865",28.91313022796,-0.190060588584271,0.242802948258038,0.225321581937447,0.784658607521602,-0.372729870763125,-1.21249859016902,FALSE,"Not significant"
"Gene0146",173.048810547377,-0.177649667711491,0.192326957319586,0.225003021647915,0.784658607521602,-0.27058072284928,-1.21333171598678,FALSE,"Not significant"
"Gene0760",75.7361315673926,0.188848008808664,0.241723384953769,0.229443008561491,0.796207492867769,0.367860099411571,1.20179488281418,FALSE,"Not significant"
"Gene0707",40.0197586258508,0.187542440184996,0.244975125298206,0.230421530034714,0.796807318896266,0.375051917390068,1.1992737205952,FALSE,"Not significant"
"Gene0331",35.9810820573244,-0.185333943557108,0.226729683436106,0.231278567419848,0.796984331631462,-0.333704257111151,-1.19707180762841,FALSE,"Not significant"
"Gene0569",58.8156822649926,-0.181820718163396,0.212348152696662,0.232942289351037,0.799930292250608,-0.303367926902115,-1.19281383804052,FALSE,"Not significant"
"Gene0862",1176.80842180349,-0.180820016548594,0.213084406323049,0.23484202056654,0.803663523668887,-0.303807925966618,-1.18797814399531,FALSE,"Not significant"
"Gene0484",99.6953850285244,0.180369376926728,0.249569954129812,0.240434154925023,0.815284344416391,0.381770895875481,1.17390231543767,FALSE,"Not significant"
"Gene0647",49.0430670675683,0.179838349925178,0.215037953197559,0.240710847896447,0.815284344416391,0.30521546378542,1.17321188311028,FALSE,"Not significant"
"Gene0930",208.63969757014,0.179744629438937,0.213372712442961,0.239865344041122,0.815284344416391,0.301719136261466,1.17532343041027,FALSE,"Not significant"
"Gene0128",112.896226916854,0.173868639723692,0.200082298132021,0.243369684806431,0.819379749022508,0.275295287074864,1.1666055900847,FALSE,"Not significant"
"Gene0338",116.813414154249,0.173450524820941,0.199903941264604,0.243576993137126,0.819379749022508,0.274295254577849,1.16609263736247,FALSE,"Not significant"
"Gene0600",73.9588632304872,0.176309463863358,0.246446326007217,0.252633559873751,0.846964714288608,0.367077833148719,1.14397607345989,FALSE,"Not significant"
"Gene0859",100.179116659159,-0.174513545551733,0.232268355461674,0.257587532420649,0.847135836116993,-0.334098469373905,-1.13211156715687,FALSE,"Not significant"
"Gene0765",197.106288966483,0.173051266554221,0.228404822289826,0.257224775256622,0.847135836116993,0.322517530505848,1.13297494472155,FALSE,"Not significant"
"Gene0485",146.498729333903,0.172738880514947,0.21175900825504,0.256603912979382,0.847135836116993,0.291010947548502,1.13445458634774,FALSE,"Not significant"
"Gene0531",56.8928913599004,-0.171368732056869,0.248029221492668,0.255125988123157,0.847135836116993,-0.370835131373057,-1.13798681465816,FALSE,"Not significant"
"Gene0214",158.537932570372,-0.169790083200988,0.230276416197047,0.257890736691758,0.847135836116993,-0.325131506225292,-1.13139057494858,FALSE,"Not significant"
"Gene0783",17.8935878428701,-0.164577176285716,0.269290146508892,0.258680508096392,0.847135836116993,-0.445601972611723,-1.12951532583377,FALSE,"Not significant"
"Gene0869",55.5181724769573,-0.164074883828985,0.26932444714188,0.253942284729222,0.847135836116993,-0.444068640989383,-1.14082612958467,FALSE,"Not significant"
"Gene0837",34.5695503019499,0.174143737699926,0.245098473835844,0.260809176635077,0.849521279564557,0.363557121155051,1.12448064576647,FALSE,"Not significant"
"Gene0434",180.908769764307,-0.169537418115059,0.213809064784051,0.261126864497093,0.849521279564557,-0.292795357865366,-1.12373169891283,FALSE,"Not significant"
"Gene0642",69.4105925535104,0.171739829519227,0.227622206868852,0.265862950164372,0.854966371160044,0.319879506974906,1.1126402880413,FALSE,"Not significant"
"Gene0369",322.317999511767,0.169043026087542,0.218372821111415,0.265332099674823,0.854966371160044,0.299505418917332,1.11387666920478,FALSE,"Not significant"
"Gene0551",41.7763830667664,-0.16893111022278,0.243485893792934,0.265853804095152,0.854966371160044,-0.35652324146742,-1.11266157536138,FALSE,"Not significant"
"Gene0246",298.822751725001,-0.167766534110639,0.212568402332915,0.266258485659549,0.854966371160044,-0.288183886148706,-1.11172016784948,FALSE,"Not significant"
"Gene0205",26.2874209082864,-0.168990664457464,0.250091898345608,0.269240815519036,0.85557649742468,-0.375264872848829,-1.1048125634299,FALSE,"Not significant"
"Gene0903",36.1849208851071,-0.16799356181925,0.240060115175574,0.270773957223382,0.85557649742468,-0.345925896874031,-1.10128196668518,FALSE,"Not significant"
"Gene0106",43.704656967565,-0.165819687504528,0.246100626893677,0.270307356631686,0.85557649742468,-0.360449935303554,-1.10235502379783,FALSE,"Not significant"
"Gene0260",17.7404315104011,-0.16236083877062,0.267126721787125,0.267612513624244,0.85557649742468,-0.4341199367182,-1.10857744281275,FALSE,"Not significant"
"Gene0576",32.2438183107828,0.161909051970687,0.267185220912506,0.269572322658641,0.85557649742468,0.432468715910666,1.1040479856119,FALSE,"Not significant"
"Gene0438",239.856454827181,0.166425424705206,0.237703317016479,0.272751640864192,0.859080805142312,0.336768704310135,1.09674783166826,FALSE,"Not significant"
"Gene0398",182.780999634566,-0.160548473647528,0.249203381153954,0.276260311632163,0.864624836089271,-0.36532129643289,-1.08875869302369,FALSE,"Not significant"
"Gene0395",7.94705214476579,0.15163740096723,0.277863488244881,0.275709551358034,0.864624836089271,0.492183543373195,1.0900081559807,FALSE,"Not significant"
"Gene0938",49.7106508985565,-0.166172023973132,0.232779802102786,0.277887220362168,0.864971692672962,-0.326526186478179,-1.08507775141752,FALSE,"Not significant"
"Gene0477",211.16383085857,-0.165165974211214,0.241733782223926,0.278120321809911,0.864971692672962,-0.34803045054772,-1.08455155396738,FALSE,"Not significant"
"Gene0140",231.473529169858,-0.160623009555289,0.221203944745509,0.279614272819569,0.866891899117722,-0.296519223231848,-1.08118625065726,FALSE,"Not significant"
"Gene0358",79.9602441099767,0.164608971200705,0.238657418347269,0.28242474005531,0.870027405453433,0.337689094025616,1.07488830172137,FALSE,"Not significant"
"Gene0161",130.060928370187,-0.16328925448836,0.229473049669612,0.283264736659257,0.870027405453433,-0.316340858203719,-1.07301421856847,FALSE,"Not significant"
"Gene0307",42.1221909295171,0.162789692065388,0.233209112689821,0.281696047580791,0.870027405453433,0.323231257841902,1.0765171220301,FALSE,"Not significant"
"Gene0847",86.629167897538,0.1616918215446,0.236487741851359,0.288994943531105,0.876434792573651,0.329729234367138,1.0603290151217,FALSE,"Not significant"
"Gene0589",112.650554471227,0.160209951076864,0.214603875073692,0.289826317278317,0.876434792573651,0.281849247262425,1.05850270703572,FALSE,"Not significant"
"Gene0424",182.182809036901,-0.158910380753106,0.214426103688087,0.290438525668212,0.876434792573651,-0.281489442762309,-1.05716010112444,FALSE,"Not significant"
"Gene0523",42.4301934050232,0.156360697517396,0.256420792962439,0.290359472982033,0.876434792573651,0.385978093546382,1.05733336075452,FALSE,"Not significant"
"Gene0219",142.910450165637,0.153100814504311,0.251227006523667,0.290217935833389,0.876434792573651,0.364680943590043,1.0576436467807,FALSE,"Not significant"
"Gene0573",15.1881968101895,-0.149341353730288,0.270770289763352,0.290667959518865,0.876434792573651,-0.450779970524637,-1.05665743098087,FALSE,"Not significant"
"Gene0894",81.3560810840289,-0.159550453855647,0.243146002087171,0.29232341319189,0.878747281601154,-0.346609495360053,-1.05303835614001,FALSE,"Not significant"
"Gene0181",159.332636789109,-0.159641228084011,0.215710128285121,0.29517562870785,0.879280726807438,-0.282454224730906,-1.04683512174456,FALSE,"Not significant"
"Gene0107",212.412826011703,-0.157712586267982,0.221135068658891,0.297835231021731,0.879280726807438,-0.292311716657745,-1.04108687372065,FALSE,"Not significant"
"Gene0500",106.434347862268,0.157633243265027,0.219836782441468,0.294695497643497,0.879280726807438,0.288742418115311,1.04787652834396,FALSE,"Not significant"
"Gene0142",93.9941632045175,0.15004133189704,0.261021458074283,0.296952235118182,0.879280726807438,0.399811029178726,1.04299148788412,FALSE,"Not significant"
"Gene0153",79.0888564436842,-0.146459066936085,0.266429332789615,0.29635664585773,0.879280726807438,-0.425512972085653,-1.04427830811336,FALSE,"Not significant"
"Gene0317",75.969928216808,-0.118529301305807,0.287413500114936,0.296131539001624,0.879280726807438,-0.642270702838129,-1.04476512077135,FALSE,"Not significant"
"Gene0213",33.6451507363358,-0.147420044941841,0.261340099911872,0.299329495221964,0.881062115400363,-0.400643129322659,-1.03787233408956,FALSE,"Not significant"
"Gene0170",17.3600161643211,0.154985159957007,0.251132921786147,0.301915766063221,0.886037663609868,0.366340841576453,1.03233381331744,FALSE,"Not significant"
"Gene0396",75.0428892021567,0.155765887624198,0.216145441793782,0.303749071759219,0.888780567958187,0.279185638675348,1.02842687562179,FALSE,"Not significant"
"Gene0167",45.2971664388661,0.155586174754477,0.225223578318029,0.307191197464005,0.889487799403223,0.297568931791194,1.02113349136059,FALSE,"Not significant"
"Gene0554",128.693335565285,0.153538164914122,0.232799136471811,0.310129968677905,0.889487799403223,0.312130455975448,1.0149493572056,FALSE,"Not significant"
"Gene0283",33.5636528969082,0.152805430417887,0.237536882108246,0.309736746319038,0.889487799403223,0.32410816973224,1.01577457435496,FALSE,"Not significant"
"Gene0690",561.352684790943,-0.152479080945371,0.238836291259888,0.30527530458022,0.889487799403223,-0.329153286937573,-1.02518627176028,FALSE,"Not significant"
"Gene0476",18.0585322077304,0.151725224478913,0.241407364085028,0.315061843468352,0.889487799403223,0.333271584850874,1.00465740861247,FALSE,"Not significant"
"Gene0460",77.4658219433442,-0.151408073987258,0.210279337646013,0.311268401885906,0.889487799403223,-0.265273061075686,-1.01256412698012,FALSE,"Not significant"
"Gene0151",372.047349632205,-0.151211582139697,0.225622006683397,0.30603195505389,0.889487799403223,-0.294854040031018,-1.02358368382697,FALSE,"Not significant"
"Gene0211",123.170782563745,0.151060575844104,0.240406943375366,0.311002377901189,0.889487799403223,0.329512552520563,1.01312098084512,FALSE,"Not significant"
"Gene0290",156.746275192932,-0.150489491354779,0.224976668519385,0.319472417586936,0.889487799403223,-0.291305146002003,-0.995542637954653,FALSE,"Not significant"
"Gene0492",99.5493763326628,-0.150353487714074,0.212132672403894,0.313134602925832,0.889487799403223,-0.267181081109517,-1.0086665002769,FALSE,"Not significant"
"Gene0441",30.8135896741222,0.150018875029296,0.224704958726732,0.322689837099842,0.889487799403223,0.289960679405631,0.988945439110226,FALSE,"Not significant"
"Gene0250",15.1522110365438,0.149529499493579,0.249167804441425,0.317927820052298,0.889487799403223,0.355487207686022,0.99872521981187,FALSE,"Not significant"
"Gene0639",123.868297423298,0.149344636844496,0.237748811567411,0.32158170828764,0.889487799403223,0.320077558424283,0.991212745465893,FALSE,"Not significant"
"Gene0788",178.0854042887,-0.148719183666322,0.221862201479117,0.317593326253333,0.889487799403223,-0.283361184583068,-0.999415764450775,FALSE,"Not significant"
"Gene0262",18.6320708850355,-0.148525685513926,0.244560864971139,0.322197459040973,0.889487799403223,-0.340232206646994,-0.989952249613042,FALSE,"Not significant"
"Gene0433",32.3657217714865,0.147862258338718,0.247545971913776,0.320013018835366,0.889487799403223,0.348121210589308,0.994431130160056,FALSE,"Not significant"
"Gene0775",168.620372533507,-0.147197733429063,0.243025239554589,0.320182238922116,0.889487799403223,-0.335602447110252,-0.994083456148851,FALSE,"Not significant"
"Gene0824",91.3233701896277,0.147183393614725,0.221161012290445,0.328873482637264,0.889487799403223,0.279130567038755,0.976385462946626,FALSE,"Not significant"
"Gene0748",37.7750960693337,0.147063135307741,0.233402112307238,0.330404285749709,0.889487799403223,0.307156824960626,0.973299872617844,FALSE,"Not significant"
"Gene0917",103.136128196221,0.147021602177325,0.235036374289104,0.329567360996793,0.889487799403223,0.310424091160212,0.974985684575576,FALSE,"Not significant"
"Gene0258",499.912381374115,0.146340880797665,0.215208453533719,0.330968961771519,0.889487799403223,0.266410763772002,0.972164010491167,FALSE,"Not significant"
"Gene0270",84.8611608468781,-0.146118360345208,0.233210724347129,0.329661498469655,0.889487799403223,-0.306065362976449,-0.974795925814878,FALSE,"Not significant"
"Gene0449",164.725914537408,0.144627938049137,0.231917455310538,0.335469109380589,0.889487799403223,0.299697187544364,0.963156264822635,FALSE,"Not significant"
"Gene0962",39.8098754110422,-0.143845802542029,0.243286457740682,0.335271842135627,0.889487799403223,-0.331705059781314,-0.963549487129304,FALSE,"Not significant"
"Gene0114",21.4462666962766,0.143163297352231,0.251880360040069,0.330466061589,0.889487799403223,0.359245105053212,0.973175547567331,FALSE,"Not significant"
"Gene0136",338.267732648728,0.142006065283462,0.1908610704301,0.3319700195533,0.889487799403223,0.222723132534425,0.970153430536408,FALSE,"Not significant"
"Gene0473",159.94631658234,-0.141831814148335,0.243956848578881,0.32922294494497,0.889487799403223,-0.332574008818542,-0.975680244837871,FALSE,"Not significant"
"Gene0686",15.6055412875692,0.141828550121081,0.249637256071471,0.333222780610835,0.889487799403223,0.349818661490262,0.967642827137592,FALSE,"Not significant"
"Gene0413",127.332713422234,-0.140139214674504,0.255214291198216,0.335117311884802,0.889487799403223,-0.369310220033625,-0.963857623824392,FALSE,"Not significant"
"Gene0176",26.8337236675067,0.140101070851682,0.26372690932456,0.312985622718827,0.889487799403223,0.408225558691837,1.00897708773081,FALSE,"Not significant"
"Gene0243",88.5246238556914,-0.139958810877092,0.256584832635727,0.332638239711109,0.889487799403223,-0.376955236028776,-0.968813519957813,FALSE,"Not significant"
"Gene0718",24.0399202496584,0.138919202572983,0.266719056367935,0.320937673529402,0.889487799403223,0.423973625394707,0.992532828427927,FALSE,"Not significant"
"Gene0945",783.898734273734,0.13810780729599,0.259442782297049,0.310242971871599,0.889487799403223,0.386271788272109,1.01471233632111,FALSE,"Not significant"
"Gene0680",13.4659425348009,-0.136677231089496,0.262121200940575,0.335289400705569,0.889487799403223,-0.400274927629493,-0.963514480745433,FALSE,"Not significant"
"Gene0226",97.8069976823153,0.13462455773369,0.258623357437856,0.327818619508364,0.889487799403223,0.379283055504198,0.978517137627976,FALSE,"Not significant"
"Gene0101",106.81953365179,-0.141503793936755,0.222956103430742,0.338070143512151,0.893005405580608,-0.27782741391952,-0.957985354825406,FALSE,"Not significant"
"Gene0470",158.766212327848,0.141227606125122,0.219833371358001,0.348418147644499,0.893005405580608,0.268566471384693,0.937661981511519,FALSE,"Not significant"
"Gene0179",31.7202622543983,-0.140879947772182,0.218271324240628,0.347336765212682,0.893005405580608,-0.266753422367546,-0.939767631854166,FALSE,"Not significant"
"Gene0886",360.411283063836,0.140739206753797,0.222872119236263,0.348806245448469,0.893005405580608,0.2746420899124,0.936907296859237,FALSE,"Not significant"
"Gene0863",89.4473220190552,-0.140556809633826,0.242002020176531,0.341020914090109,0.893005405580608,-0.324117026308149,-0.95215000065825,FALSE,"Not significant"
"Gene0767",194.765407082315,0.140417881698926,0.224885088820674,0.344146465891803,0.893005405580608,0.278340271698224,0.946004157132634,FALSE,"Not significant"
"Gene0268",63.1538845880002,-0.140274164323531,0.214147091981293,0.348475371896086,0.893005405580608,-0.258223548667565,-0.937550671194271,FALSE,"Not significant"
"Gene0299",129.491623186998,0.138015144271623,0.245048875366978,0.343543450777599,0.893005405580608,0.330056775312054,0.94718709371985,FALSE,"Not significant"
"Gene0750",328.204191065272,-0.137972192348582,0.223343981355071,0.355497492411028,0.893005405580608,-0.273160275384768,-0.923978533514913,FALSE,"Not significant"
"Gene0694",42.9039896862564,-0.137685534651612,0.231005349353864,0.356614491451845,0.893005405580608,-0.290669580690121,-0.921835300098547,FALSE,"Not significant"
"Gene0537",225.084524808721,-0.137560377666045,0.20330006128883,0.352036698619014,0.893005405580608,-0.236547550013343,-0.930646024506339,FALSE,"Not significant"
"Gene0670",144.381740466349,0.136923135385724,0.212585353967444,0.357816277160112,0.893005405580608,0.249891394546024,0.919534101570547,FALSE,"Not significant"
"Gene0238",182.215416805125,-0.136583886125814,0.247650493758382,0.341533126290739,0.893005405580608,-0.341445628949937,-0.951140365184839,FALSE,"Not significant"
"Gene0409",40.3158218878503,0.136539558253119,0.212326078497422,0.360197894285728,0.893005405580608,0.249285965878694,0.914988067775288,FALSE,"Not significant"
"Gene0187",23.4905488895289,0.136235540336553,0.242016975886422,0.353245531879769,0.893005405580608,0.318886932242689,0.92831242286187,FALSE,"Not significant"
"Gene0189",90.6821240310964,-0.135404389431302,0.225356087092307,0.354929315171015,0.893005405580608,-0.275082121317906,-0.925070349350753,FALSE,"Not significant"
"Gene0975",130.999313774762,0.135297811152008,0.230164760852452,0.35384469963466,0.893005405580608,0.285814606517367,0.927157626709821,FALSE,"Not significant"
"Gene0394",192.213535966979,0.134845252470167,0.213631498119564,0.367087367147451,0.893005405580608,0.249564443727339,0.901942586763305,FALSE,"Not significant"
"Gene0926",50.4179363103332,0.134291513313905,0.217270311621132,0.367916937631137,0.893005405580608,0.256094898926453,0.900382110675155,FALSE,"Not significant"
"Gene0688",111.235849187353,-0.133594745281375,0.201828556945876,0.361701187970489,0.893005405580608,-0.229068612395847,-0.91212828928034,FALSE,"Not significant"
"Gene0386",320.645514295008,0.133579285946304,0.235342201248163,0.363913615402148,0.893005405580608,0.298218180277002,0.907933011021098,FALSE,"Not significant"
"Gene0340",40.5211168987993,0.133342612574755,0.227761138600245,0.36839858996652,0.893005405580608,0.276429128931429,0.899477096539792,FALSE,"Not significant"
"Gene0855",69.4455518432011,0.133117895256382,0.241225437975271,0.358777524544171,0.893005405580608,0.312147151453424,0.917696988869401,FALSE,"Not significant"
"Gene0463",101.045140201508,-0.133079811783857,0.237499470546239,0.357799844686092,0.893005405580608,-0.302899735094491,-0.91956553389443,FALSE,"Not significant"
"Gene0752",23.5922197779728,-0.131909701471271,0.239872910208422,0.364471810704338,0.893005405580608,-0.309873336992122,-0.906877065136312,FALSE,"Not significant"
"Gene0759",142.798356141428,-0.131881735185678,0.187400073774016,0.356642543753463,0.893005405580608,-0.207742749944536,-0.921781529468286,FALSE,"Not significant"
"Gene0659",166.40542981374,0.131670553392167,0.253105976083062,0.345254648577946,0.893005405580608,0.352887888899616,0.943833676338345,FALSE,"Not significant"
"Gene0928",13.6687415687459,0.13163905179352,0.258980990149566,0.34651542217622,0.893005405580608,0.380757669964301,0.941369726065847,FALSE,"Not significant"
"Gene0381",87.9896698194083,-0.131170998746155,0.235975892210321,0.368302787540477,0.893005405580608,-0.296314431566208,-0.89965704848075,FALSE,"Not significant"
"Gene0293",80.1531278167638,-0.131080908072457,0.197290345268535,0.367651937598778,0.893005405580608,-0.219293334953454,-0.900880354522885,FALSE,"Not significant"
"Gene0300",86.2176051415361,0.130233125136871,0.248202145839447,0.362440722208216,0.893005405580608,0.332926121876619,0.910724176604012,FALSE,"Not significant"
"Gene0493",54.4880459137421,0.128340315943807,0.247671845933486,0.364585566424551,0.893005405580608,0.328991013035632,0.906661995860812,FALSE,"Not significant"
"Gene0229",8.58790030516873,0.127812161489764,0.26316758657085,0.355909690563877,0.893005405580608,0.400709227948465,0.92318713775529,FALSE,"Not significant"
"Gene0916",131.472408016864,-0.126935925711104,0.253079554009329,0.366120145406592,0.893005405580608,-0.351124046049608,-0.903764771633916,FALSE,"Not significant"
"Gene0380",29.7146226633099,-0.0946914362117343,0.281288493618824,0.338698279207088,0.893005405580608,-0.607583685109725,-0.956740443681076,FALSE,"Not significant"
"Gene0355",526.165049507384,0.131133126583847,0.223244848773054,0.371099801615643,0.895165131214319,0.263269585386565,0.894415164819717,FALSE,"Not significant"
"Gene0919",116.895350281833,0.123843679007418,0.247080958389459,0.370758054547316,0.895165131214319,0.321374417529537,0.895054313676525,FALSE,"Not significant"
"Gene0540",198.385429615284,0.131718615512532,0.207690256068298,0.375740647641738,0.897791976828365,0.234846295719412,0.885771542273153,FALSE,"Not significant"
"Gene0541",90.7995477645739,-0.130293701155413,0.216089793926472,0.373128081000175,0.897791976828365,-0.249796265371861,-0.89062928890811,FALSE,"Not significant"
"Gene0550",26.8856517691139,0.129329994595856,0.243485033748642,0.37581989727699,0.897791976828365,0.315627335199597,0.88562451403544,FALSE,"Not significant"
"Gene0333",104.595908778926,0.128232623647157,0.248016396450853,0.374485421662866,0.897791976828365,0.329486624947909,0.888102865049827,FALSE,"Not significant"
"Gene0947",30.9612142896306,-0.130470883073427,0.232506424391532,0.379465764396474,0.900463709226564,-0.285725704302899,-0.878881068532811,FALSE,"Not significant"
"Gene0973",378.466946385013,-0.129451938263662,0.217788053020269,0.379116890656618,0.900463709226564,-0.250268245075486,-0.879524618875491,FALSE,"Not significant"
"Gene0774",52.7420131714935,-0.129451230272211,0.229787729946956,0.379669733819492,0.900463709226564,-0.277598445655413,-0.878504984666609,FALSE,"Not significant"
"Gene0208",86.2383836215501,-0.126399815584404,0.191070565475678,0.381323982571014,0.902223489862997,-0.20532000507625,-0.875459416994614,FALSE,"Not significant"
"Gene0435",53.2205144439592,-0.127184015432005,0.203417269339697,0.387739334646308,0.910060679509846,-0.222424631586851,-0.863724348657234,FALSE,"Not significant"
"Gene0800",46.3245956240828,-0.126124459952972,0.237710814319407,0.38831709479591,0.910060679509846,-0.294784079380776,-0.862673339269584,FALSE,"Not significant"
"Gene0496",66.2053002759181,0.125350864504711,0.19056200284981,0.38624208830181,0.910060679509846,0.202645114547832,0.866452455905905,FALSE,"Not significant"
"Gene0391",46.6094357606753,0.124903636184059,0.243570956655388,0.386786696527925,0.910060679509846,0.310718986544623,0.865459389160396,FALSE,"Not significant"
"Gene0616",141.927838507659,-0.125264663810986,0.198285888488724,0.389769946583146,0.911306092602201,-0.213587928265879,-0.860034642490349,FALSE,"Not significant"
"Gene0924",108.695043503595,0.126342486242676,0.236486531610238,0.39097510247108,0.911724863908446,0.290195757911701,0.857850351170145,FALSE,"Not significant"
"Gene0809",30.5040018756472,0.126136336076923,0.226310547969962,0.392810301131918,0.911724863908446,0.264198486177865,0.854531973976816,FALSE,"Not significant"
"Gene0780",214.98276640563,-0.124432380217702,0.201452923464578,0.395899805401553,0.911724863908446,-0.216511725030368,-0.848966729951917,FALSE,"Not significant"
"Gene0737",79.3752834773064,-0.123215899577492,0.228252537793794,0.39466249042774,0.911724863908446,-0.265264916925774,-0.851192388228387,FALSE,"Not significant"
"Gene0488",67.9842233090176,0.12268010585254,0.23472913422491,0.396402114742803,0.911724863908446,0.280243830628709,0.848064385037612,FALSE,"Not significant"
"Gene0661",13.380651445557,-0.118320591010412,0.257745944838611,0.392020390867956,0.911724863908446,-0.361666363445437,-0.855959121794037,FALSE,"Not significant"
"Gene0671",29.5427176951909,0.117622323011583,0.246265195393645,0.396234544113167,0.911724863908446,0.311034059706349,0.848365330935757,FALSE,"Not significant"
"Gene0132",19.0620638146114,-0.123222624012338,0.236871437854599,0.401085242115572,0.918677347075787,-0.288637905261116,-0.839684615523426,FALSE,"Not significant"
"Gene0740",445.478766941294,0.120936510762441,0.243167378694471,0.401282723899636,0.918677347075787,0.30411538056488,0.839332547279782,FALSE,"Not significant"
"Gene0714",92.8776516816062,-0.124233193066175,0.221795322337224,0.402556952643321,0.919466111233821,-0.252122288557353,-0.837063363017399,FALSE,"Not significant"
"Gene0875",44.0536304994253,0.123478382442504,0.225536655958461,0.406707080741794,0.922553446912005,0.258219688621253,0.829702370735419,FALSE,"Not significant"
"Gene0654",193.373437946772,0.122222404459844,0.225030246116048,0.405745890797476,0.922553446912005,0.254631163743565,0.831403202013651,FALSE,"Not significant"
"Gene0873",150.65500998774,0.121030267006341,0.225402798958096,0.406085653205314,0.922553446912005,0.254733466089027,0.830801715821912,FALSE,"Not significant"
"Gene0215",176.381342960428,0.1208981370042,0.235530807196421,0.408149591028032,0.923706969168703,0.279229980444859,0.827154334253855,FALSE,"Not significant"
"Gene0825",79.4231736023248,-0.12037674760076,0.210411821616836,0.412964627556917,0.924190118190759,-0.225306394593641,-0.818687679821036,FALSE,"Not significant"
"Gene0141",176.164937973636,0.120035438276758,0.200358283793486,0.413299432937416,0.924190118190759,0.20781527276262,0.818101148848759,FALSE,"Not significant"
"Gene0900",57.813560679816,-0.11989890075266,0.221039843547693,0.409897679813816,0.924190118190759,-0.244590038254152,-0.824073705238,FALSE,"Not significant"
"Gene0781",143.941368125099,-0.118681897146536,0.233405193506775,0.411062115118447,0.924190118190759,-0.273300979261229,-0.822025972540002,FALSE,"Not significant"
"Gene0641",195.944263601585,0.118562415340062,0.202963041439077,0.420505202194789,0.924190118190759,0.209673878382341,0.805545081930571,FALSE,"Not significant"
"Gene0608",37.1953899387481,0.118462848671181,0.2075676926325,0.422597063871592,0.924190118190759,0.216865600384347,0.801923755131415,FALSE,"Not significant"
"Gene0679",31.5003926415371,-0.11787170243401,0.233248631929393,0.417759190602272,0.924190118190759,-0.270231283766592,-0.81031494053744,FALSE,"Not significant"
"Gene0586",31.2979620323556,-0.117527036341357,0.243081199775115,0.41422626069105,0.924190118190759,-0.301350219570398,-0.816478945432792,FALSE,"Not significant"
"Gene0316",330.94431545699,-0.117285789090638,0.216971248485835,0.425426723321819,0.924190118190759,-0.232603093091254,-0.797041855281174,FALSE,"Not significant"
"Gene0292",234.08142613862,0.117037682572275,0.218899795910728,0.427501775441871,0.924190118190759,0.235146260638095,0.793473890438174,FALSE,"Not significant"
"Gene0629",106.809338549856,-0.116759398400817,0.210440716225832,0.419874843293736,0.924190118190759,-0.222087675619642,-0.806638400226612,FALSE,"Not significant"
"Gene0844",46.0979432247474,0.116001385663541,0.223441338431542,0.43230219765043,0.924190118190759,0.243293577096824,0.785258201068807,FALSE,"Not significant"
"Gene0611",273.687769262938,-0.115922338593405,0.205797484968434,0.432466096964108,0.924190118190759,-0.209426589798976,-0.784978632073092,FALSE,"Not significant"
"Gene0877",67.8813273224652,-0.115863567096412,0.22015379249008,0.431542929403574,0.924190118190759,-0.236617822569977,-0.786554114088252,FALSE,"Not significant"
"Gene0607",221.287313064873,0.115761933100398,0.204042314071532,0.429726706804496,0.924190118190759,0.207635365964951,0.789659402151965,FALSE,"Not significant"
"Gene0495",18.0564234074754,0.115449978952285,0.240498608714082,0.42325757154836,0.924190118190759,0.288657251273041,0.800782500447236,FALSE,"Not significant"
"Gene0613",48.6357644520168,0.11544418923477,0.214617122067313,0.436073217121487,0.924190118190759,0.224586135998102,0.778841280764138,FALSE,"Not significant"
"Gene0922",212.101642434221,-0.115332770962096,0.192879375039374,0.422910518979999,0.924190118190759,-0.192471193817801,-0.801382023253236,FALSE,"Not significant"
"Gene0425",117.285513140043,0.114929586327754,0.218969090051021,0.437588509489769,0.924190118190759,0.231328269453456,0.776271817686829,FALSE,"Not significant"
"Gene0920",139.887244807912,-0.114428100399244,0.234438197637838,0.422600939882499,0.924190118190759,-0.26918883783553,-0.801917054940448,FALSE,"Not significant"
"Gene0745",137.012311013178,0.113933014127831,0.208754306910836,0.434218493589124,0.924190118190759,0.212092938437221,0.78199332985219,FALSE,"Not significant"
"Gene0443",162.2878555386,-0.113302521443883,0.216043955590479,0.433551022545423,0.924190118190759,-0.225473117403388,-0.783129579798107,FALSE,"Not significant"
"Gene0925",61.0463051375845,-0.11322377500263,0.223511513537788,0.431915345481188,0.924190118190759,-0.24079964916425,-0.785918312359171,FALSE,"Not significant"
"Gene0173",29.4036076915285,-0.112359241275061,0.232155494435806,0.438969093726085,0.924190118190759,-0.260633296671017,-0.773935231546745,FALSE,"Not significant"
"Gene0957",75.333070153652,-0.112253217371579,0.202143197310904,0.44065803301586,0.924190118190759,-0.200634313388429,-0.771082499477962,FALSE,"Not significant"
"Gene0628",50.7490945701295,0.112053787572219,0.230008135092526,0.43864374982405,0.924190118190759,0.252293093237839,0.774485482789676,FALSE,"Not significant"
"Gene0108",89.7853671882061,0.111992519074088,0.22521444432682,0.442003969569493,0.924190118190759,0.241365687139133,0.768813607638814,FALSE,"Not significant"
"Gene0796",68.9116319738195,-0.111346860287711,0.195138980711723,0.440642748599751,0.924190118190759,-0.189664060922306,-0.771108287733073,FALSE,"Not significant"
"Gene0637",121.930421479999,-0.11030241548213,0.189398561889248,0.441173051451015,0.924190118190759,-0.181304630604076,-0.770213846800002,FALSE,"Not significant"
"Gene0864",728.295529368484,0.109273777113163,0.18446243124722,0.43892794000506,0.924190118190759,0.174197522442443,0.774004821520563,FALSE,"Not significant"
"Gene0200",106.628638939174,0.108365422467748,0.243216743486525,0.431890590972283,0.924190118190759,0.287062779873285,0.78596056426256,FALSE,"Not significant"
"Gene0553",29.9210891500136,-0.108012131339203,0.242249122909557,0.44082773398514,0.924190118190759,-0.285270946529978,-0.770796210136634,FALSE,"Not significant"
"Gene0587",53.0766184434573,-0.107797165411185,0.238596407725439,0.437706011642309,0.924190118190759,-0.273235196144792,-0.776072784868602,FALSE,"Not significant"
"Gene0856",260.927145857203,0.105927311759305,0.248159334060428,0.436776091339661,0.924190118190759,0.30245521403816,0.777648786996231,FALSE,"Not significant"
"Gene0605",138.371150989812,-0.102262311046027,0.249023480864301,0.434554584454521,0.924190118190759,-0.299068099512271,-0.781421577363537,FALSE,"Not significant"
"Gene0514",138.075723187859,0.101365272145269,0.249592760284668,0.43517460085946,0.924190118190759,0.303733083896419,0.78036748490971,FALSE,"Not significant"
"Gene0996",364.485929861998,0.112166548591701,0.218632351421794,0.446274252481794,0.927345676162583,0.2272341153593,0.761641075397816,FALSE,"Not significant"
"Gene0456",198.959901930586,-0.111345199737792,0.20724846264365,0.446326129275419,0.927345676162583,-0.207310322816835,-0.761554182319256,FALSE,"Not significant"
"Gene0638",286.510031221211,-0.108319772570677,0.181859510159799,0.445796934988761,0.927345676162583,-0.168576125890186,-0.762440847208622,FALSE,"Not significant"
"Gene0631",40.1622975646664,-0.110026936615041,0.223733245886967,0.452424952338208,0.934130016414379,-0.236496590739491,-0.751378409931352,FALSE,"Not significant"
"Gene0357",228.946349610661,0.109938753488254,0.218033180777538,0.45223526366822,0.934130016414379,0.222573073559248,0.751693727011051,FALSE,"Not significant"
"Gene0303",37.0803696038774,0.107202128278167,0.233115625776673,0.45087052199078,0.934130016414379,0.254156039827199,0.753964527611249,FALSE,"Not significant"
"Gene0118",32.1267291751796,-0.10829983065596,0.232626967929217,0.455206577252495,0.937915218547327,-0.255851646498325,-0.746763093201595,FALSE,"Not significant"
"Gene0949",83.3107327677297,0.108481346407608,0.213237921215825,0.461896786402567,0.939425497249087,0.211667532450161,0.735727112286781,FALSE,"Not significant"
"Gene0804",42.5920342965924,0.10653181933464,0.222223081717172,0.467406907662042,0.939425497249087,0.226509331455565,0.726704644461786,FALSE,"Not significant"
"Gene0716",71.7740597555437,-0.106101088898476,0.205964884365512,0.466979255948198,0.939425497249087,-0.197376144190125,-0.727402773547147,FALSE,"Not significant"
"Gene0375",148.424587572558,-0.105445549818459,0.209651149158634,0.4694912054385,0.939425497249087,-0.202492947059967,-0.723307142806136,FALSE,"Not significant"
"Gene0526",90.0035957250487,0.105110695451046,0.211141992893264,0.472890137355116,0.939425497249087,0.203362250474545,0.717784556057967,FALSE,"Not significant"
"Gene0710",172.202223683759,0.105027978961189,0.205264897988767,0.4726012663918,0.939425497249087,0.193606352877538,0.718253061143487,FALSE,"Not significant"
"Gene0935",15.0681991081715,0.104246148943992,0.2318630235239,0.472511786824355,0.939425497249087,0.24647932863913,0.718398215472858,FALSE,"Not significant"
"Gene0840",23.6175852840283,0.103967604514131,0.234018676492993,0.464432432314206,0.939425497249087,0.252408209260375,0.731567759975071,FALSE,"Not significant"
"Gene0838",170.840702874117,0.103948620043136,0.19697487178363,0.474959902010253,0.939425497249087,0.180447445521629,0.714432304823326,FALSE,"Not significant"
"Gene0543",164.687686049862,-0.103458357966626,0.201402103301539,0.471140664523803,0.939425497249087,-0.188478907153742,-0.720624355818638,FALSE,"Not significant"
"Gene0706",158.950978747803,0.103361922264998,0.208486579019113,0.478494485455085,0.939425497249087,0.196207238937474,0.708726066915253,FALSE,"Not significant"
"Gene0525",25.3655789331553,0.10331177653057,0.227582822681648,0.478914079070605,0.939425497249087,0.233931708403678,0.708050207628009,FALSE,"Not significant"
"Gene0609",495.179736631154,0.102803197023872,0.206344835641275,0.482553284943955,0.939425497249087,0.191547749043424,0.702201861414907,FALSE,"Not significant"
"Gene0972",69.9641149593322,0.102493087038568,0.229411148355899,0.477725401975887,0.939425497249087,0.236672351546595,0.709965707415506,FALSE,"Not significant"
"Gene0384",35.1821752921361,0.102228208032891,0.215014289730867,0.485227458922669,0.939425497249087,0.205965622348195,0.697919627548272,FALSE,"Not significant"
"Gene0322",211.09820180968,0.101902817790687,0.214824514966483,0.479824452590418,0.939425497249087,0.204894064213805,0.706584936685685,FALSE,"Not significant"
"Gene0462",69.2797724201968,-0.101738027945179,0.227165748475904,0.4800059776986,0.939425497249087,-0.231919661454404,-0.706292948504674,FALSE,"Not significant"
"Gene0326",87.7800834582883,-0.101140338983902,0.18457240303213,0.475423266036016,0.939425497249087,-0.163220989113854,-0.713682926859079,FALSE,"Not significant"
"Gene0312",226.097728382993,-0.100748851901259,0.204970842832979,0.489726944337952,0.939425497249087,-0.187067941350951,-0.690743186721683,FALSE,"Not significant"
"Gene0137",32.1480846858237,0.100467074775744,0.230039293675819,0.478280383205385,0.939425497249087,0.237444403155598,0.709071056298611,FALSE,"Not significant"
"Gene0201",110.802022055454,-0.100449700911541,0.234824086559494,0.460938049708996,0.939425497249087,-0.254897689753571,-0.737303096294641,FALSE,"Not significant"
"Gene0256",378.641214114869,-0.100411932293258,0.191137831377309,0.483275668746765,0.939425497249087,-0.169267585111419,-0.701043820179253,FALSE,"Not significant"
"Gene0549",211.547522805518,-0.100083012651898,0.211273461688892,0.486710405270538,0.939425497249087,-0.196392093260865,-0.695550451549024,FALSE,"Not significant"
"Gene0311",254.507400756893,-0.0999578870604083,0.239867660537338,0.466656391055198,0.939425497249087,-0.267955012445436,-0.727930076116297,FALSE,"Not significant"
"Gene0601",157.282340758318,0.0995356619207433,0.189768389249017,0.487923730122955,0.939425497249087,0.165623888328395,0.693614926964739,FALSE,"Not significant"
"Gene0507",111.934982087701,-0.0994029661445797,0.211598390745678,0.495001611601758,0.939425497249087,-0.196293328910374,-0.682375392437283,FALSE,"Not significant"
"Gene0512",164.289609094199,-0.0992248896230613,0.190765418384638,0.486700174102082,0.939425497249087,-0.167122272754893,-0.695566783625237,FALSE,"Not significant"
"Gene0018",264.400155954682,0.0991322010238284,0.238548143208911,0.471807054343293,0.939425497249087,0.259341540268142,0.719541966650486,FALSE,"Not significant"
"Gene0274",109.539318227798,0.0990141936551398,0.213905910643637,0.500056847403652,0.939425497249087,0.19824138566843,0.674400307339247,FALSE,"Not significant"
"Gene0224",110.941690225257,-0.0987421723208394,0.215150567849494,0.493930803908431,0.939425497249087,-0.202178646950844,-0.684070254480359,FALSE,"Not significant"
"Gene0936",305.444233133571,-0.0986918392058539,0.210033591484327,0.493564747283555,0.939425497249087,-0.192761043715434,-0.684650095417042,FALSE,"Not significant"
"Gene0593",70.9342997067545,0.098610691600453,0.240093107086535,0.486830842882715,0.939425497249087,0.26202017932985,0.695358210202807,FALSE,"Not significant"
"Gene0267",173.634333807402,0.0984246634471676,0.196107694240755,0.49256086968327,0.939425497249087,0.173333905695899,0.686241440242113,FALSE,"Not significant"
"Gene0677",67.072429365429,-0.0982309506188883,0.228049413184031,0.494950091055222,0.939425497249087,-0.228267098331386,-0.682456893653163,FALSE,"Not significant"
"Gene0878",101.59709804634,-0.0978230961173845,0.206126041359035,0.501281876844896,0.939425497249087,-0.185322509345392,-0.672474172785587,FALSE,"Not significant"
"Gene0770",17.1379115547903,-0.0976598543468044,0.237328682418451,0.489996879558877,0.939425497249087,-0.252810716296051,-0.690313787033201,FALSE,"Not significant"
"Gene0711",9.47406134167858,0.0974070244797201,0.247738284748207,0.481789061117323,0.939425497249087,0.289835075434397,0.703428001671082,FALSE,"Not significant"
"Gene0994",132.95424955576,-0.0974037414480416,0.229127831517671,0.497535354021691,0.939425497249087,-0.230404701300203,-0.678372794670978,FALSE,"Not significant"
"Gene0374",101.019583895676,-0.0970417008265479,0.216029753262699,0.503702411220325,0.939425497249087,-0.200506476484308,-0.668675638160001,FALSE,"Not significant"
"Gene0329",36.2646444006383,-0.0969282478638912,0.224510697172408,0.501805601403466,0.939425497249087,-0.217643746837592,-0.671651472894686,FALSE,"Not significant"
"Gene0505",34.6712181869607,0.0964354438025545,0.230121654013808,0.504556129507579,0.939425497249087,0.229291772610304,0.667338202622,FALSE,"Not significant"
"Gene0415",36.8351341703195,0.0958416892793503,0.213982312867074,0.506570381861557,0.939425497249087,0.194195122103831,0.664187392124709,FALSE,"Not significant"
"Gene0259",21.7557334012549,0.0952053440068027,0.219898481968352,0.512975484004866,0.939425497249087,0.2043988469679,0.654211607982797,FALSE,"Not significant"
"Gene0254",42.4189634156886,-0.0951565093293731,0.208079010818686,0.512102278249085,0.939425497249087,-0.184055464864205,-0.655567754969787,FALSE,"Not significant"
"Gene0887",148.89653339816,-0.0948982493102971,0.208099908530843,0.513986505026786,0.939425497249087,-0.18328238977094,-0.652642926038159,FALSE,"Not significant"
"Gene0186",128.551465957866,0.0945814766811106,0.200254201263364,0.51334405441385,0.939425497249087,0.171059340173332,0.653639554518598,FALSE,"Not significant"
"Gene0457",82.6852943715443,-0.09430132238604,0.207293557533991,0.513349450017259,0.939425497249087,-0.181552419901399,-0.653631181659723,FALSE,"Not significant"
"Gene0310",48.1304359292779,0.0941708361301848,0.219191052989224,0.508970990521237,0.939425497249087,0.202063870647959,0.660440810046304,FALSE,"Not significant"
"Gene0672",25.9829774075337,0.0940258359617002,0.226050534637731,0.510754517021421,0.939425497249087,0.215001590156658,0.657663288720384,FALSE,"Not significant"
"Gene0383",88.4305354008786,0.0939466467761977,0.198665814025399,0.516764709301054,0.939425497249087,0.168302185920566,0.648340554788073,FALSE,"Not significant"
"Gene0558",33.5584260980115,0.0936085617170358,0.214968101848521,0.517683585974972,0.939425497249087,0.192231051298296,0.646920208657939,FALSE,"Not significant"
"Gene0346",83.3028136492431,-0.0935325434607766,0.24186942587749,0.495214852496785,0.939425497249087,-0.261999071298267,-0.682038111282224,FALSE,"Not significant"
"Gene0278",197.394439225616,-0.0933747986799008,0.182235187309472,0.507225366127011,0.939425497249087,-0.149540579931059,-0.663164248258911,FALSE,"Not significant"
"Gene0284",123.642961425705,0.0933619560081087,0.231057978508458,0.516367978168489,0.939425497249087,0.226343290509541,0.648954203034926,FALSE,"Not significant"
"Gene0223",496.186653093717,-0.0932230733265526,0.212077870010473,0.518077597551497,0.939425497249087,-0.186875707436213,-0.646311568203768,FALSE,"Not significant"
"Gene0772",248.999332105658,0.0930435655204292,0.22657353580388,0.519594765916629,0.939425497249087,0.21422726614987,0.643970188103112,FALSE,"Not significant"
"Gene0429",49.962381094546,-0.0929201090210731,0.214915439433212,0.521397316540836,0.939425497249087,-0.19180803540335,-0.641192969957909,FALSE,"Not significant"
"Gene0889",81.6294629054982,0.0928455108182244,0.240695024528314,0.505000601777931,0.939425497249087,0.254505221889605,0.666642364498487,FALSE,"Not significant"
"Gene0615",93.2652439765645,0.0928287258577516,0.226487160674036,0.521480887755054,0.939425497249087,0.213828271312455,0.641064330516981,FALSE,"Not significant"
"Gene0183",36.0510939680937,0.0927456438341907,0.229396760832229,0.520217529535881,0.939425497249087,0.220277827056879,0.643010125792131,FALSE,"Not significant"
"Gene0539",100.20201095666,-0.0925620800582372,0.232943321820461,0.495640994734462,0.939425497249087,-0.231755354166635,-0.681364318366016,FALSE,"Not significant"
"Gene0951",455.283409531218,-0.0918864552269437,0.229878249732345,0.508029376778307,0.939425497249087,-0.222911348529014,-0.66190926014345,FALSE,"Not significant"
"Gene0669",91.727416152883,-0.0915558109660959,0.237071894270525,0.498904256577989,0.939425497249087,-0.242108250219577,-0.676214832627996,FALSE,"Not significant"
"Gene0777",81.793640361451,0.0912969727235516,0.22583804628766,0.514940064779635,0.939425497249087,0.210161982186841,0.651164870257941,FALSE,"Not significant"
"Gene0768",97.9216126731781,-0.091287204566945,0.186402528340141,0.519895146477654,0.939425497249087,-0.150763177662056,-0.643507042599296,FALSE,"Not significant"
"Gene0402",56.4924376717011,0.0911763536702259,0.235122065586273,0.517116234266541,0.939425497249087,0.233970356715307,0.647797033608267,FALSE,"Not significant"
"Gene0739",7.82911668724589,-0.0911079431381085,0.250098726693325,0.499684616129932,0.939425497249087,-0.291561779364025,-0.674986068525193,FALSE,"Not significant"
"Gene0627",273.393169188084,0.0899327804800409,0.238211207632975,0.512467218496187,0.939425497249087,0.240572757354344,0.655000831825534,FALSE,"Not significant"
"Gene0730",58.0738982620711,0.0845472459757227,0.243286159077019,0.520754925746787,0.939425497249087,0.248660961616993,0.642182143381571,FALSE,"Not significant"
"Gene0829",44.817594953271,0.0932335991224666,0.215192817032319,0.522962495532335,0.940381651057235,0.191827920080173,0.638785479771993,FALSE,"Not significant"
"Gene0202",37.3217315504333,-0.090871617473504,0.22171304620969,0.52538677455678,0.940477315515962,-0.201786208945396,-0.635063847406908,FALSE,"Not significant"
"Gene0364",25.2382924681484,-0.0877521842166517,0.2335825975941,0.525868509080209,0.940477315515962,-0.224955441838768,-0.63432536065143,FALSE,"Not significant"
"Gene0269",11.382923888377,-0.0840220547023101,0.246982715390749,0.525049818177205,0.940477315515962,-0.264682663165752,-0.635580598858374,FALSE,"Not significant"
"Gene0150",84.7874855514352,0.0909320037246293,0.222049969053255,0.530628482484557,0.941002415838098,0.201032485201077,0.627046915471237,FALSE,"Not significant"
"Gene0821",513.116144243979,-0.0900007521360522,0.225458833841811,0.534621431396222,0.941002415838098,-0.206060419208934,-0.620966855113762,FALSE,"Not significant"
"Gene0872",293.144585203629,-0.0899037699567774,0.214618965942104,0.53453076598241,0.941002415838098,-0.186192227425983,-0.621104656031331,FALSE,"Not significant"
"Gene0144",32.0318131510196,-0.0892065960313905,0.216437419690535,0.538363293174835,0.941002415838098,-0.188307233289778,-0.615289889800324,FALSE,"Not significant"
"Gene0410",94.0986249400715,-0.0891692735710591,0.201044678239086,0.537574382635304,0.941002415838098,-0.164422305747492,-0.616485130697954,FALSE,"Not significant"
"Gene0602",39.1594280905262,0.0885897979765912,0.213089713225033,0.540805171982806,0.941002415838098,0.180637586509031,0.611595868911181,FALSE,"Not significant"
"Gene0895",22.9851772747437,0.0885455194664357,0.231843950232619,0.535678645866881,0.941002415838098,0.220229120607191,0.619360880799616,FALSE,"Not significant"
"Gene0445",461.61805412707,0.0885230408430806,0.203529052481649,0.53940243026667,0.941002415838098,0.165546236411833,0.613716882489187,FALSE,"Not significant"
"Gene0116",25.7883767079637,0.0883474853558206,0.22176702555834,0.539041620842832,0.941002415838098,0.197077703720334,0.614262890178031,FALSE,"Not significant"
"Gene0882",35.4457123977643,-0.0879699065829988,0.234878921635826,0.529663665038978,0.941002415838098,-0.22847307033383,-0.62851951749427,FALSE,"Not significant"
"Gene0431",58.144047070677,-0.08752171681652,0.23321919823045,0.528370777564439,0.941002415838098,-0.225061441426025,-0.630494993159319,FALSE,"Not significant"
"Gene0663",33.399743743939,-0.0872050946882255,0.22109061627643,0.540075861435459,0.941002415838098,-0.194083507845017,-0.612698277880295,FALSE,"Not significant"
"Gene0967",74.1876527676183,-0.0870042717582899,0.202232063406477,0.546492072389109,0.941002415838098,-0.162594708217367,-0.603024978587572,FALSE,"Not significant"
"Gene0805",61.0819691307887,-0.0857348727120572,0.213303549004141,0.549814330399358,0.941002415838098,-0.176931424794764,-0.5980383709989,FALSE,"Not significant"
"Gene0236",110.857146071241,-0.0853208530833323,0.213383212407407,0.552121537252257,0.941002415838098,-0.176612664883377,-0.594584060592359,FALSE,"Not significant"
"Gene0518",32.0428702327663,0.0852846539570746,0.240006226140458,0.538837976629019,0.941002415838098,0.237921254967082,0.614571142881224,FALSE,"Not significant"
"Gene0986",141.209233220113,-0.0850649595134211,0.18726501374835,0.548385291442512,0.941002415838098,-0.142491809732896,-0.600181485163812,FALSE,"Not significant"
"Gene0980",52.1666851584389,-0.0850025184861052,0.217829798483827,0.551764747703995,0.941002415838098,-0.183769796177612,-0.595117775211417,FALSE,"Not significant"
"Gene0472",34.4808886213328,0.0846786076122282,0.222523982705995,0.55565601397634,0.941002415838098,0.191902657626049,0.589306009964293,FALSE,"Not significant"
"Gene0766",547.837611392791,0.084534892296367,0.192021887469303,0.555468694658894,0.941002415838098,0.145712970522656,0.589585321895931,FALSE,"Not significant"
"Gene0556",97.3721740279825,0.0842952524670208,0.241084023490863,0.535552673682963,0.941002415838098,0.240502694928971,0.619552156465203,FALSE,"Not significant"
"Gene0277",59.930049205289,-0.0842419058020629,0.23227248600577,0.542514159254517,0.941002415838098,-0.215331712006721,-0.609015508715436,FALSE,"Not significant"
"Gene0414",710.098937606379,-0.0840539065864626,0.212150782828992,0.556311167366218,0.941002415838098,-0.173461490666123,-0.588329471698918,FALSE,"Not significant"
"Gene0591",43.5683253807229,0.0840155049658682,0.209980502238729,0.560937644404514,0.941002415838098,0.167858238797236,0.581449351368174,FALSE,"Not significant"
"Gene0836",16.0750405397585,0.083969961047534,0.241509453223667,0.539932489452599,0.941002415838098,0.242140686071328,0.612915083220079,FALSE,"Not significant"
"Gene0899",71.1541162188803,-0.0838879610036989,0.218554373025003,0.557700866577735,0.941002415838098,-0.183367205668615,-0.586259911074625,FALSE,"Not significant"
"Gene0998",34.7035431168602,-0.0837012434073784,0.228412880367333,0.544093583116949,0.941002415838098,-0.205084321529964,-0.606634373827422,FALSE,"Not significant"
"Gene0987",396.1016130072,0.0833063430033318,0.214826841786907,0.561544658811127,0.941002415838098,0.174108769287865,0.580548694966756,FALSE,"Not significant"
"Gene0968",176.500395264827,0.0831931867033039,0.22299623021154,0.563466311372475,0.941002415838098,0.189765154335473,0.577700544670267,FALSE,"Not significant"
"Gene0521",54.2466685053145,0.0829283706223585,0.233607694470538,0.554570478626234,0.941002415838098,0.215524502158168,0.590925292124725,FALSE,"Not significant"
"Gene0948",78.6806645440443,0.0826940924542768,0.223379335044345,0.562490964893463,0.941002415838098,0.18987383940944,0.579145553618953,FALSE,"Not significant"
"Gene0779",267.876060815267,-0.0826167121359396,0.208218701041027,0.567187894821515,0.941002415838098,-0.164030135608172,-0.572197922461428,FALSE,"Not significant"
"Gene0704",63.2997151500069,0.0825158185107874,0.205551635956505,0.570014076752309,0.941002415838098,0.158941501173033,0.568030766899138,FALSE,"Not significant"
"Gene0937",69.2926684861774,0.0825022369118202,0.217234790690634,0.565985542570679,0.941002415838098,0.177206665563036,0.573973782767962,FALSE,"Not significant"
"Gene0724",330.855006466503,-0.0817928173609005,0.232585650380722,0.548340403362583,0.941002415838098,-0.212502399147415,-0.600248847951564,FALSE,"Not significant"
"Gene0180",87.1682884751099,-0.0817445003091935,0.217703588304396,0.559956598316194,0.941002415838098,-0.177710027684742,-0.582905974724066,FALSE,"Not significant"
"Gene0216",31.1557217829158,-0.0814486421916255,0.225315502742016,0.568609977985118,0.941002415838098,-0.192615440803146,-0.570099848392052,FALSE,"Not significant"
"Gene0896",87.2219563698965,0.0813053001787623,0.195429572574894,0.572811710176657,0.941002415838098,0.144355234704567,0.563915398106975,FALSE,"Not significant"
"Gene0988",68.4474445777172,-0.0811491243278134,0.206029987926607,0.572576788058608,0.941002415838098,-0.158036362052236,-0.564260604693502,FALSE,"Not significant"
"Gene0860",37.5758189135253,0.0809338397629926,0.223881830593328,0.569842851636505,0.941002415838098,0.188523387549786,0.568282954087043,FALSE,"Not significant"
"Gene0354",96.3337665260417,0.0807978573901772,0.208443873860564,0.572020776001247,0.941002415838098,0.160023486893752,0.565077905356155,FALSE,"Not significant"
"Gene0510",31.1364641317341,0.0803205928215485,0.226252674156992,0.573735547775908,0.941002415838098,0.191064500967833,0.562558514834402,FALSE,"Not significant"
"Gene0891",35.3185915598238,-0.0789635848873446,0.236442673930748,0.564530834491234,0.941002415838098,-0.217071305278084,-0.576124792922707,FALSE,"Not significant"
"Gene0389",14.7822631109344,0.0789205179882059,0.242261284154875,0.556366029057326,0.941002415838098,0.234394635346843,0.588247723122101,FALSE,"Not significant"
"Gene0377",37.9525254659599,-0.0786800064759444,0.233787073598277,0.57052824317609,0.941002415838098,-0.208595096690964,-0.567273699039438,FALSE,"Not significant"
"Gene0397",195.272508330539,0.0773686465591638,0.238645591545884,0.558027609224041,0.941002415838098,0.218966504298358,0.585773685797432,FALSE,"Not significant"
"Gene0999",13.7242998685494,-0.076100756855328,0.242586774222688,0.573415399665939,0.941002415838098,-0.231381228943027,-0.563028613871315,FALSE,"Not significant"
"Gene0196",62.0898813281559,-0.0741987882635167,0.238332991195071,0.569920258161049,0.941002415838098,-0.212286516137972,-0.568168942191416,FALSE,"Not significant"
"Gene0604",8.22873837587743,0.0714105692714286,0.256962557919373,0.561476832809053,0.941002415838098,0.289858381009772,0.580649308279878,FALSE,"Not significant"
"Gene0148",99.9627162385883,-0.0557309069157726,0.268201037371423,0.565534106107395,0.941002415838098,-0.3610969462763,-0.574641016561176,FALSE,"Not significant"
"Gene0461",39.8629054208347,0.0811270143816365,0.204801122096844,0.575665230946641,0.941046137861533,0.155842335180242,0.559727633226471,FALSE,"Not significant"
"Gene0555",8.57249972557212,0.0747181746293127,0.246893271897905,0.575004010076469,0.941046137861533,0.244967233764473,0.560697150480197,FALSE,"Not significant"
"Gene0174",402.37015947026,0.0783719244986907,0.184772720879355,0.577390426197583,0.942308797870313,0.129801909548262,0.5572005321288,FALSE,"Not significant"
"Gene0481",92.4413386174487,0.0792345204299634,0.222014770659276,0.580507914965734,0.944417956274155,0.180345647471216,0.552642965618666,FALSE,"Not significant"
"Gene0769",82.481937254907,0.0780814231454553,0.21486899510313,0.581494333416446,0.944417956274155,0.165097183032768,0.55120327771489,FALSE,"Not significant"
"Gene0910",11.6681134092158,0.0753178321222124,0.241229996367513,0.581547558514621,0.944417956274155,0.223874014294555,0.551125627638366,FALSE,"Not significant"
"Gene0155",24.0794076392436,0.0793572975082671,0.215682204112199,0.583365743047637,0.94581757356412,0.169030724838234,0.548475069430155,FALSE,"Not significant"
"Gene0794",69.3782994734262,0.0780311740706019,0.210827754511426,0.585711751070513,0.948066975137049,0.158417955772788,0.545060728673589,FALSE,"Not significant"
"Gene0175",199.418217629708,0.0778979807664491,0.208013514588569,0.588894055070414,0.951660490955293,0.154057381569522,0.540439381520112,FALSE,"Not significant"
"Gene0897",16.7703597061484,-0.0752610573884669,0.230088735556868,0.592109921020871,0.955296430488811,-0.191979843956476,-0.535780991264538,FALSE,"Not significant"
"Gene0345",135.304391914114,0.0754089682876105,0.221901308010499,0.593180305759436,0.955464694456159,0.172597834205688,0.534233049998572,FALSE,"Not significant"
"Gene0944",119.230122653607,-0.0749540240522659,0.217545627840761,0.598972697443069,0.958584742401721,-0.165428895212679,-0.525878400104373,FALSE,"Not significant"
"Gene0428",321.154498557701,-0.0746410544079571,0.223436750390361,0.598994308194402,0.958584742401721,-0.175884683932494,-0.525847298849791,FALSE,"Not significant"
"Gene0721",276.509084772556,-0.0722333900229596,0.172140700914703,0.597651867687578,0.958584742401721,-0.111055878821797,-0.527780248345261,FALSE,"Not significant"
"Gene0367",6.58609062348366,0.0660084339716523,0.252367736364946,0.59894427969811,0.958584742401721,0.251777807348569,0.525919298462764,FALSE,"Not significant"
"Gene0120",113.828694703573,0.0754186055217538,0.203759290899655,0.600172001932806,0.958917786609927,0.144530403798766,0.524153181051604,FALSE,"Not significant"
"Gene0547",321.398059632617,0.0731127703038782,0.210082375038534,0.603486894765213,0.959845027072219,0.152041557320801,0.519392737507814,FALSE,"Not significant"
"Gene0536",73.685296145467,0.0722657417661423,0.221469318421945,0.605093361468801,0.959845027072219,0.168270517705167,0.517089960623952,FALSE,"Not significant"
"Gene0111",94.725648493679,0.0717573932475712,0.235162080263833,0.601960966007011,0.959845027072219,0.196772337714162,0.521582621250691,FALSE,"Not significant"
"Gene0817",12.2858771763762,0.0712114897055811,0.235471931914245,0.606575472113384,0.959845027072219,0.197009873274853,0.514967870322493,FALSE,"Not significant"
"Gene0584",17.3393914396589,0.0692139810155762,0.237561525804986,0.606500945304517,0.959845027072219,0.198653235574667,0.515074522587303,FALSE,"Not significant"
"Gene0791",30.0024741470777,-0.0669466912879276,0.245346764970956,0.605365562497055,0.959845027072219,-0.219890194986803,-0.516700048087748,FALSE,"Not significant"
"Gene0508",191.263155127603,-0.0606759662081734,0.242417695838508,0.608295404440921,0.961029001584778,-0.206171030014695,-0.512508169168955,FALSE,"Not significant"
"Gene0943",33.7513005761424,-0.0727098607791122,0.204494452436866,0.613053670003478,0.962750973926274,-0.141872319649103,-0.505719367684989,FALSE,"Not significant"
"Gene0524",468.169609393446,0.0724656303667039,0.186641213783673,0.61073139600229,0.962750973926274,0.121363949099272,0.509029714734822,FALSE,"Not significant"
"Gene0418",100.92618453496,-0.0720416342328718,0.204794337672362,0.616265616695944,0.962750973926274,-0.141099432056869,-0.501149919629822,FALSE,"Not significant"
"Gene0620",74.8501928341048,-0.0718450971165735,0.202217545314612,0.613448871424429,0.962750973926274,-0.138414499599661,-0.505156569728666,FALSE,"Not significant"
"Gene0867",46.4173958853165,-0.0713639474366826,0.201015946343029,0.61870625477518,0.962750973926274,-0.135523417722679,-0.497684755222112,FALSE,"Not significant"
"Gene0321",393.73229009309,0.07118424815337,0.209922418325654,0.62144769577779,0.962750973926274,0.145862801551825,0.493799628184342,FALSE,"Not significant"
"Gene0482",256.857910522861,-0.0711372483965654,0.201241372556463,0.615218437474466,0.962750973926274,-0.135463084801775,-0.502638526089884,FALSE,"Not significant"
"Gene0914",50.6742751802352,0.070727987169073,0.193119555512526,0.621021852231525,0.962750973926274,0.125231620105259,0.49440263671591,FALSE,"Not significant"
"Gene0379",126.065613123428,-0.0701867617912224,0.219319480442659,0.621042470604511,0.962750973926274,-0.159834034148812,-0.494373436278504,FALSE,"Not significant"
"Gene0929",428.122692782392,0.0699460447582012,0.208456747336645,0.623013774836011,0.962750973926274,0.141465949268753,0.49158354991352,FALSE,"Not significant"
"Gene0758",98.0690738495894,0.0692897631103465,0.215129530148298,0.622872931001765,0.962750973926274,0.150015452205345,0.491782751883066,FALSE,"Not significant"
"Gene0447",13.7585625108931,0.0675365548067493,0.241370757253983,0.61164097359875,0.962750973926274,0.207327714243359,0.507732470616384,FALSE,"Not significant"
"Gene0520",29.3462366506741,0.0648164261299643,0.239636566098447,0.619366497814289,0.962750973926274,0.194656880608839,0.496748384426575,FALSE,"Not significant"
"Gene0209",49.157398867114,0.0625741799250244,0.242124069331452,0.615816630559523,0.962750973926274,0.197523861913364,0.501788034901491,FALSE,"Not significant"
"Gene0264",54.2036866082491,0.0704442486216177,0.217724779839868,0.625872561913068,0.96565984981595,0.155385801289151,0.487544434315513,FALSE,"Not significant"
"Gene0327",55.5256065203128,-0.0659843775041786,0.231722034358051,0.627946930879304,0.967351268909084,-0.176952447975941,-0.484618580807209,FALSE,"Not significant"
"Gene0698",43.8002518523669,0.0695706172158036,0.202138652419415,0.629114606957503,0.967642840250343,0.132615679931234,0.48297342311621,FALSE,"Not significant"
"Gene0502",640.646117765877,0.0668883069370436,0.221930698475147,0.632019448705278,0.96909648801476,0.156355703728388,0.478886397019466,FALSE,"Not significant"
"Gene0123",30.7341008696449,-0.0661112317226898,0.224677283935037,0.631736915423425,0.96909648801476,-0.162418945865992,-0.479283560871771,FALSE,"Not significant"
"Gene0813",29.3986261526156,0.0674062114371336,0.218829789150856,0.634507632097058,0.971405647281719,0.153907244659521,0.475391948669581,FALSE,"Not significant"
"Gene0184",183.739353823669,-0.0677248391326082,0.217227391482155,0.637730277257372,0.972480061705351,-0.149380141685733,-0.470874614364769,FALSE,"Not significant"
"Gene0689",48.416012387851,0.0672890186802848,0.205216513387778,0.640719884654046,0.972480061705351,0.13243332100443,0.466692516466513,FALSE,"Not significant"
"Gene0417",48.1775584424425,0.0672783223961256,0.201314768406467,0.63985332696519,0.972480061705351,0.128137398323522,0.467903882418531,FALSE,"Not significant"
"Gene0235",69.2750447772632,-0.0672297554106849,0.206775325696085,0.639271751589817,0.972480061705351,-0.135183729571364,-0.468717255056993,FALSE,"Not significant"
"Gene0117",116.638181980077,0.0670893080765323,0.190010285942407,0.638801191121124,0.972480061705351,0.11608392720033,0.469375592816188,FALSE,"Not significant"
"Gene0901",46.4462419717564,-0.066829715786075,0.211779156047071,0.641237073554275,0.972480061705351,-0.141020032164292,-0.465969861456313,FALSE,"Not significant"
"Gene0974",33.6752774142446,-0.0635957225058915,0.23372077303502,0.642092497769054,0.972480061705351,-0.177033568907564,-0.464775132429054,FALSE,"Not significant"
"Gene0474",20.317874140791,0.0656557799073403,0.220985397258495,0.643724500469351,0.973007558905108,0.153415649622854,0.462497631448309,FALSE,"Not significant"
"Gene0210",22.1686887693414,0.0647827367701417,0.229649504249141,0.644408443966477,0.973007558905108,0.168254868668461,0.461543884597636,FALSE,"Not significant"
"Gene0756",194.801360833884,-0.065544754603162,0.200929545198854,0.645624627545492,0.973357860735505,-0.125549350196122,-0.459848974349064,FALSE,"Not significant"
"Gene0835",58.0585813773428,-0.0645226097687097,0.187784728217116,0.647210976378847,0.974264316040609,-0.110936960787651,-0.457640173315518,FALSE,"Not significant"
"Gene0298",54.9042068906928,-0.0636556584708068,0.217695578999851,0.653312177048503,0.981045990052843,-0.14387447569521,-0.449165633022422,FALSE,"Not significant"
"Gene0401",28.4284971378323,0.0632976552897748,0.221930108662262,0.6561621522222,0.981045990052843,0.149058220115107,0.445218093667525,FALSE,"Not significant"
"Gene0350",64.9311653664569,0.0632483928531826,0.193078403423317,0.657424055374486,0.981045990052843,0.112667823637827,0.443472431707386,FALSE,"Not significant"
"Gene0843",107.565390176508,-0.0626051692948932,0.191059046942526,0.657667837618842,0.981045990052843,-0.110863672196828,-0.443135349812657,FALSE,"Not significant"
"Gene0918",318.250439509521,-0.0621454543113225,0.186650132611054,0.655070964449929,0.981045990052843,-0.106506363081274,-0.446728689802305,FALSE,"Not significant"
"Gene0427",67.2896856016792,-0.0610784590572844,0.232829868491013,0.654324263996073,0.981045990052843,-0.16943454303411,-0.447762979215282,FALSE,"Not significant"
"Gene0632",207.04803810093,0.0628613273733052,0.210791686460655,0.662027724465928,0.985517365059029,0.12886625197144,0.437115310270498,FALSE,"Not significant"
"Gene0636",78.7806820550978,0.0619711012763777,0.206752151285172,0.664756801477342,0.985517365059029,0.124511019101534,0.433355117830576,FALSE,"Not significant"
"Gene0668",45.8173330760864,0.0617978947630947,0.216830634000456,0.66485029317252,0.985517365059029,0.135774652039454,0.433226411357746,FALSE,"Not significant"
"Gene0762",95.1793989301726,-0.0614356078443937,0.187573641830911,0.663162648304568,0.985517365059029,-0.105910555676121,-0.435550835345384,FALSE,"Not significant"
"Gene0643",23.6963017942028,-0.0608860305595261,0.218559441741189,0.66695356673,0.985517365059029,-0.140278890744328,-0.430332805518886,FALSE,"Not significant"
"Gene0719",47.8088700823073,0.060626040156289,0.219560724001531,0.670715772818783,0.985517365059029,0.140150569248912,0.425165855802736,FALSE,"Not significant"
"Gene0400",27.3471927401064,0.0600785795291302,0.218672583452967,0.675311666142457,0.985517365059029,0.136938815263546,0.418869284332827,FALSE,"Not significant"
"Gene0190",97.1260428104768,-0.0597732480893276,0.206401521218185,0.673588991010405,0.985517365059029,-0.120939547576931,-0.421227464612877,FALSE,"Not significant"
"Gene0528",21.6419901433456,-0.0594685415330823,0.212433402600566,0.677083806727162,0.985517365059029,-0.128093007233472,-0.416445818554137,FALSE,"Not significant"
"Gene0102",108.889249907963,0.0594290908998715,0.217715900092,0.678087356838564,0.985517365059029,0.134468560831557,0.415074512651072,FALSE,"Not significant"
"Gene0956",40.1850234315556,-0.0591672647640032,0.205022976635786,0.674232590525478,0.985517365059029,-0.119542257256776,-0.420346163976252,FALSE,"Not significant"
"Gene0622",24.788033015767,0.0590843539192798,0.228767285502184,0.671882787564849,0.985517365059029,0.153831109488998,0.423565407908449,FALSE,"Not significant"
"Gene0785",43.0715056171282,0.0585158857091918,0.19673171415316,0.683146723710083,0.985517365059029,0.108150807993918,0.40817292558058,FALSE,"Not significant"
"Gene0842",42.6201251982675,0.0583521110878964,0.22007769030543,0.681850151838345,0.985517365059029,0.135881725485896,0.409939741060969,FALSE,"Not significant"
"Gene0678",154.96889477172,0.0578750561826699,0.208843269627409,0.682720510811172,0.985517365059029,0.119543588105189,0.408753577494822,FALSE,"Not significant"
"Gene0468",103.127814599109,0.0577710285113397,0.211834388618015,0.688623894264659,0.985517365059029,0.122723595649761,0.400723245723638,FALSE,"Not significant"
"Gene0787",67.6738327536615,0.0577220813191544,0.200235968244526,0.685300524707785,0.985517365059029,0.109643309107175,0.405240789858702,FALSE,"Not significant"
"Gene0217",42.2147738222841,0.0577107777316184,0.210292599840613,0.687450053166407,0.985517365059029,0.121309072253187,0.402317940246761,FALSE,"Not significant"
"Gene0466",659.475166989319,0.0572432824017052,0.187076166094335,0.686328703422061,0.985517365059029,0.0976014542636627,0.403842279912031,FALSE,"Not significant"
"Gene0149",36.0992933503067,-0.0563903381293541,0.234636609652183,0.671518333758893,0.985517365059029,-0.165640891669057,-0.424065104380224,FALSE,"Not significant"
"Gene0233",132.846111000447,0.0563162638792931,0.197708832532556,0.694290892749234,0.985517365059029,0.104771137202904,0.39303870747712,FALSE,"Not significant"
"Gene0861",50.5973293410501,-0.055857591295432,0.212981971432534,0.693408741705982,0.985517365059029,-0.122197112740612,-0.394233382360254,FALSE,"Not significant"
"Gene0655",15.5179476990473,-0.0557553799305568,0.237047952378142,0.672732745862654,0.985517365059029,-0.167132188202908,-0.422400454973389,FALSE,"Not significant"
"Gene0597",38.2352540224601,-0.0556797140562787,0.213936504955576,0.694221515847281,0.985517365059029,-0.122568805542917,-0.393132642520369,FALSE,"Not significant"
"Gene0898",121.998636016176,-0.0553819493494032,0.21544333368287,0.69632447656661,0.985517365059029,-0.123419454854468,-0.390286808689577,FALSE,"Not significant"
"Gene0273",59.9522008325566,-0.0552308698974107,0.213569366336167,0.695636564333679,0.985517365059029,-0.12124283974682,-0.391217377705167,FALSE,"Not significant"
"Gene0623",63.6456768592813,0.0552025667544604,0.228471639765348,0.68820605622792,0.985517365059029,0.144362523021441,0.40129077285693,FALSE,"Not significant"
"Gene0562",86.6405029276865,0.0550514321716114,0.221851384124422,0.696150228057003,0.985517365059029,0.13134604505464,0.390522490290669,FALSE,"Not significant"
"Gene0732",36.220246421736,0.0549681811469482,0.221524314633406,0.692366107266911,0.985517365059029,0.133281185066098,0.39564612189454,FALSE,"Not significant"
"Gene0129",31.5834780070031,-0.0548034599199198,0.215694914446491,0.698272455958559,0.985517365059029,-0.123544542624359,-0.387653521050201,FALSE,"Not significant"
"Gene0819",19.2836519489797,-0.0547978547982935,0.227955873284887,0.692312191755052,0.985517365059029,-0.143927405333138,-0.395719197307524,FALSE,"Not significant"
"Gene0953",83.2166508104571,0.0546908521783774,0.198655266779035,0.701626791066014,0.985517365059029,0.103036747941328,0.383125395045261,FALSE,"Not significant"
"Gene0335",185.241650355398,-0.0546753774380659,0.203641105532748,0.702481500374121,0.985517365059029,-0.108404931043251,-0.381972853598437,FALSE,"Not significant"
"Gene0890",31.4260325701097,-0.054146587510844,0.213197790215567,0.703319696851966,0.985517365059029,-0.118757158117678,-0.380843071625824,FALSE,"Not significant"
"Gene0574",129.692009614654,0.0536798448185808,0.217451617273805,0.707173191791092,0.985517365059029,0.122148923057437,0.375655275102316,FALSE,"Not significant"
"Gene0360",153.133390403913,-0.0533677872155079,0.216248513223124,0.696617156193025,0.985517365059029,-0.121774256285121,-0.389890990646456,FALSE,"Not significant"
"Gene0742",58.1658540461421,-0.052532510563993,0.187115540529116,0.709831719793599,0.985517365059029,-0.0907104960486289,-0.372082104605561,FALSE,"Not significant"
"Gene0294",25.9978485511883,0.0523235729915553,0.225714663259361,0.704647365436545,0.985517365059029,0.132743140699514,0.379054537296879,FALSE,"Not significant"
"Gene0884",199.818797366503,0.0521938969138723,0.210258459960076,0.716187908164067,0.985517365059029,0.110004670086595,0.363558249662383,FALSE,"Not significant"
"Gene0451",431.335239763501,-0.0520877208421534,0.214151528090703,0.718327756869917,0.985517365059029,-0.111816930800439,-0.360694606770137,FALSE,"Not significant"
"Gene0858",79.2325584180102,0.0519571952398816,0.205709918810791,0.718236247948602,0.985517365059029,0.104668652739354,0.360817007483429,FALSE,"Not significant"
"Gene0619",31.2836164280781,-0.0513163175024952,0.217446700691518,0.713980256069728,0.985517365059029,-0.118527411920838,-0.366515758265245,FALSE,"Not significant"
"Gene0701",23.3704628308365,-0.0511511726357541,0.230687057248219,0.700245043484099,0.985517365059029,-0.141593571599549,-0.384989704350074,FALSE,"Not significant"
"Gene0365",69.6707426215726,0.0511304564474909,0.201840083880266,0.721622800704741,0.985517365059029,0.0995620566422522,0.356290796939811,FALSE,"Not significant"
"Gene0423",61.8376190162626,-0.0510715188731549,0.198867559175897,0.719664097733086,0.985517365059029,-0.0975846893143814,-0.358907755340682,FALSE,"Not significant"
"Gene0557",92.030920264131,-0.0510589434524092,0.213656796775875,0.718633140428855,0.985517365059029,-0.113120729990881,-0.360286170221065,FALSE,"Not significant"
"Gene0764",57.6297148140656,0.0506696634230839,0.22758526085997,0.71841651905674,0.985517365059029,0.131012057047314,0.360575885203105,FALSE,"Not significant"
"Gene0660",53.248209482741,0.0506498007646968,0.219395713136573,0.717327884549007,0.985517365059029,0.11911415719222,0.362032311831691,FALSE,"Not significant"
"Gene0154",12.4214438389953,0.0505200807947383,0.244052566433949,0.696253863524199,0.985517365059029,0.17397542523199,0.39038231446794,FALSE,"Not significant"
"Gene0893",17.5830496236172,-0.0502723204578471,0.232337324196032,0.709454462388416,0.985517365059029,-0.142339292012215,-0.372588863808105,FALSE,"Not significant"
"Gene0285",43.7072108025556,0.0502625754249864,0.228321640503252,0.71852764919727,0.985517365059029,0.132629878489679,0.360427253122312,FALSE,"Not significant"
"Gene0934",422.043721013728,0.0502532868020803,0.208982085402408,0.723571220512123,0.985517365059029,0.104589298519755,0.353689996189068,FALSE,"Not significant"
"Gene0165",106.719415062148,-0.0502020517675409,0.212883717260724,0.719589621987029,0.985517365059029,-0.109685851166016,-0.359007308336526,FALSE,"Not significant"
"Gene0356",32.343271196187,-0.0500015643548536,0.216654294146186,0.723018943237347,0.985517365059029,-0.114694383035478,-0.354426946377165,FALSE,"Not significant"
"Gene0464",38.7683283588256,-0.0498255323103279,0.211081053222621,0.722818078040823,0.985517365059029,-0.107504970243304,-0.354695025486393,FALSE,"Not significant"
"Gene0399",7.75769839159737,0.0496976149697105,0.24549590751209,0.700714596886129,0.985517365059029,0.1758953052973,0.384356014267757,FALSE,"Not significant"
"Gene0684",54.0343933661753,-0.0495325500471564,0.228550890080398,0.714525395684268,0.985517365059029,-0.132989587601565,-0.365785158066614,FALSE,"Not significant"
"Gene0403",19.4845155388064,-0.0491218828754064,0.21996412649419,0.724439964001935,0.985517365059029,-0.117538128590555,-0.352531146850142,FALSE,"Not significant"
"Gene0450",76.9639475678686,-0.0488212048006302,0.22449810909391,0.722023613341007,0.985517365059029,-0.123863709055852,-0.355755585600143,FALSE,"Not significant"
"Gene0905",120.625377085131,-0.0485992352719098,0.222379435686269,0.723530906610489,0.985517365059029,-0.120992961228662,-0.353743783927719,FALSE,"Not significant"
"Gene0530",235.610998319204,0.0480282861498902,0.240871234610257,0.715696310556149,0.985517365059029,0.155775442782033,0.36421654844137,FALSE,"Not significant"
"Gene0902",32.481764539621,0.0475155128717265,0.236600089000583,0.720092057888718,0.985517365059029,0.143486247314501,0.358335762631871,FALSE,"Not significant"
"Gene0249",19.2834260620011,0.0464261424520576,0.238104463874256,0.720906448253518,0.985517365059029,0.144008296118142,0.357247607876852,FALSE,"Not significant"
"Gene0272",15.681759757088,-0.0418501853029338,0.248714981404468,0.716186149147068,0.985517365059029,-0.166128074911488,-0.363560604882548,FALSE,"Not significant"
"Gene0646",46.2639768538596,-0.0489502985878357,0.217749580046099,0.728103938982078,0.987204697765751,-0.114013815166066,-0.347648817947172,FALSE,"Not significant"
"Gene0336",221.469246494902,0.0474840660540036,0.197557933130461,0.738187261554592,0.987204697765751,0.0888861033538547,0.334254844502654,FALSE,"Not significant"
"Gene0475",141.458082600901,-0.0474457159528767,0.201036291348714,0.737171459514094,0.987204697765751,-0.0929849077166426,-0.335601411425428,FALSE,"Not significant"
"Gene0130",116.432935543985,0.047233242141596,0.198826716147878,0.742061100087638,0.987204697765751,0.0896590624020702,0.329125143676533,FALSE,"Not significant"
"Gene0169",73.1323746744677,0.047177283338093,0.224168078377819,0.736878811028595,0.987204697765751,0.118298731919077,0.335989464774172,FALSE,"Not significant"
"Gene0676",20.8062030723691,-0.0471058881754856,0.216826354010778,0.73764352400681,0.987204697765751,-0.108767640031407,-0.3349755580216,FALSE,"Not significant"
"Gene0105",53.9718266930463,-0.0469027447359759,0.218072369700649,0.736900294201912,0.987204697765751,-0.110062699423839,-0.335960976259292,FALSE,"Not significant"
"Gene0738",104.560116924485,0.046628340139883,0.192733212292809,0.740545352111143,0.987204697765751,0.084700734000541,0.331131244291449,FALSE,"Not significant"
"Gene0309",30.8892547964231,-0.0461843074160379,0.235597991055765,0.729273156973106,0.987204697765751,-0.139243308983515,-0.346092556837567,FALSE,"Not significant"
"Gene0498",28.9575948389877,-0.0460812189686519,0.213302530594699,0.743201777481712,0.987204697765751,-0.102387319583896,-0.327616324416383,FALSE,"Not significant"
"Gene0849",39.2083075311043,-0.045932406318415,0.214903901373174,0.74108847944154,0.987204697765751,-0.104095249648057,-0.330412259550789,FALSE,"Not significant"
"Gene0933",89.1985641389538,0.0457293947869209,0.20891271371202,0.747928160864328,0.987204697765751,0.0962297055171252,0.321372446772689,FALSE,"Not significant"
"Gene0511",395.893675886515,0.0457199790068134,0.182104906433674,0.745968856692055,0.987204697765751,0.0758195569571316,0.323959288262558,FALSE,"Not significant"
"Gene0939",535.059250411837,0.0456680288530014,0.21221313968081,0.749859927397966,0.987204697765751,0.0987817161815291,0.318824066604501,FALSE,"Not significant"
"Gene0548",31.1185446244207,0.0454647756066403,0.213045889561167,0.750664921377768,0.987204697765751,0.0994805303962029,0.317762732974432,FALSE,"Not significant"
"Gene0352",48.3239013001808,0.0452400437896051,0.202948930928642,0.751842192455223,0.987204697765751,0.0893131136139806,0.316211219439928,FALSE,"Not significant"
"Gene0876",285.918961155767,-0.0451435225421871,0.183935953890009,0.746217255356889,0.987204697765751,-0.0769102241248953,-0.323631211368654,FALSE,"Not significant"
"Gene0325",119.234722959512,0.0450600633605413,0.199812995403118,0.753684404450382,0.987204697765751,0.086373041234237,0.313784912107715,FALSE,"Not significant"
"Gene0295",133.622907957291,0.0448214890717776,0.221754053630867,0.743578375063284,0.987204697765751,0.109838376296606,0.327118347739333,FALSE,"Not significant"
"Gene0206",28.2102089532795,0.0447043526451473,0.211741410034663,0.756893953588141,0.987204697765751,0.0959345036093565,0.309562136291945,FALSE,"Not significant"
"Gene0634",26.1244084628925,-0.0446070506297854,0.211347519981721,0.750797787634373,0.987204697765751,-0.0973444176499624,-0.317587591663169,FALSE,"Not significant"
"Gene0964",141.3635014458,-0.0443389457802614,0.187321505210243,0.751722572154982,0.987204697765751,-0.0775340983770224,-0.316368831012566,FALSE,"Not significant"
"Gene0504",121.924980556211,0.0443168207306635,0.206104286444491,0.756487587596556,0.987204697765751,0.0903043909215715,0.310096481813811,FALSE,"Not significant"
"Gene0501",274.498341895043,0.0442327109701915,0.17356227001066,0.748373600434486,0.987204697765751,0.0692201534597807,0.320784639766207,FALSE,"Not significant"
"Gene0812",375.367190719888,-0.0442018367010571,0.201282688073332,0.754302131551322,0.987204697765751,-0.0875414038955089,-0.312971741334203,FALSE,"Not significant"
"Gene0248",103.60313977091,-0.04391036327659,0.199523791884609,0.757266834411936,0.987204697765751,-0.0850394921857179,-0.309071899397757,FALSE,"Not significant"
"Gene0305",24.2423214478633,-0.0436299494393047,0.224381205482496,0.753338259334947,0.987204697765751,-0.111378611841328,-0.31424066532465,FALSE,"Not significant"
"Gene0412",96.510991981825,0.0434120393754794,0.199866880481727,0.762808497534047,0.987204697765751,0.0834008890638453,0.301794796883928,FALSE,"Not significant"
"Gene0382",64.0213960103261,-0.0432049740514916,0.196441532681554,0.76069595217381,0.987204697765751,-0.0814991554328642,-0.304567006022364,FALSE,"Not significant"
"Gene0880",105.981806389211,-0.0430647356678268,0.215869743437907,0.760422572102848,0.987204697765751,-0.0988592648782342,-0.304925922457271,FALSE,"Not significant"
"Gene0833",102.942146188346,0.0427055842666682,0.196073578665717,0.764973047879645,0.987204697765751,0.0794886129506667,0.29895674713688,FALSE,"Not significant"
"Gene0850",79.6642125990458,-0.0426763733021244,0.215872937153492,0.761070387076053,0.987204697765751,-0.0981950493030589,-0.304075479926111,FALSE,"Not significant"
"Gene0494",84.9016054998956,-0.0426763527834547,0.223057267333126,0.758310418057114,0.987204697765751,-0.107497403991957,-0.307700265007971,FALSE,"Not significant"
"Gene0709",103.575912584449,-0.0420437771069237,0.190896210812143,0.765220659904807,0.987204697765751,-0.0757863609770915,-0.298632244540095,FALSE,"Not significant"
"Gene0535",427.583013953398,0.0415629137379811,0.198912927531031,0.76757692498051,0.987204697765751,0.0796165235611829,0.295545859743133,FALSE,"Not significant"
"Gene0503",34.5390379545374,-0.0415588284997856,0.213966431448971,0.765949219429711,0.987204697765751,-0.0936822021674085,-0.297677628791973,FALSE,"Not significant"
"Gene0782",116.186361385167,0.0414460852315111,0.230357467233004,0.75396937313104,0.987204697765751,0.113360501251468,0.313409755978577,FALSE,"Not significant"
"Gene0578",10.3014712922312,-0.0413679098168864,0.234681970628548,0.757288324211097,0.987204697765751,-0.124284608383951,-0.3090436484199,FALSE,"Not significant"
"Gene0846",25.908508306929,0.0412946228286498,0.202152742785985,0.773830089753878,0.987204697765751,0.0813044274191296,0.287368615027483,FALSE,"Not significant"
"Gene0513",68.7342319378879,0.0407106603400938,0.214387802609601,0.776060828610196,0.987204697765751,0.091020357394763,0.284456156790099,FALSE,"Not significant"
"Gene0727",28.7359067813866,-0.0401939344493712,0.215062356572137,0.774737498909812,0.987204697765751,-0.0919201803789467,-0.286183606638696,FALSE,"Not significant"
"Gene0351",19.244262429006,-0.0396912847446079,0.216427430219336,0.777312354422194,0.987204697765751,-0.0922654743576736,-0.282823219114578,FALSE,"Not significant"
"Gene0580",25.4648129193893,0.0393554670768717,0.210081345260836,0.780702907467775,0.987204697765751,0.084884023911689,0.278403142499862,FALSE,"Not significant"
"Gene0715",29.051253716356,-0.0392020891017687,0.235099205891244,0.759133199054702,0.987204697765751,-0.118748176965951,-0.306619250738427,FALSE,"Not significant"
"Gene0630",53.4114413432324,-0.0389543707998724,0.187790898462725,0.781556767721047,0.987204697765751,-0.0686008087781782,-0.277290872309191,FALSE,"Not significant"
"Gene0416",56.9793632188481,-0.0388316462581048,0.203919309163135,0.782663815519715,0.987204697765751,-0.07911894587588,-0.27584930090665,FALSE,"Not significant"
"Gene0610",225.246310838853,0.0387414351827533,0.20095682657363,0.7856018449077,0.987204697765751,0.0757864682372179,0.272026237855729,FALSE,"Not significant"
"Gene0164",26.7934873809463,0.0384504797595792,0.221327215967131,0.783595714473369,0.987204697765751,0.0945402516353408,0.274636248524702,FALSE,"Not significant"
"Gene0995",95.738677079845,-0.0384416769527628,0.223236084867323,0.775813786057378,0.987204697765751,-0.0979923528327465,-0.284778576930784,FALSE,"Not significant"
"Gene0568",642.250160513957,-0.0382617795329889,0.191526498654951,0.782363764533528,0.987204697765751,-0.0702429582581543,-0.276239963436452,FALSE,"Not significant"
"Gene0841",170.585136811673,0.0379618981954281,0.229242632868047,0.779208527492024,0.987204697765751,0.103779894837358,0.280350607654757,FALSE,"Not significant"
"Gene0682",28.3695996257342,0.0379435503184134,0.210151844492226,0.789475940514464,0.987204697765751,0.0813062090087195,0.266991194937526,FALSE,"Not significant"
"Gene0618",111.521428650662,-0.0377173962335673,0.203639745648921,0.787644016671278,0.987204697765751,-0.0765362153871069,-0.269371238638547,FALSE,"Not significant"
"Gene0469",387.592918930152,-0.0376028389675456,0.181742639269287,0.785786992838673,0.987204697765751,-0.0634148235567139,-0.271785450818133,FALSE,"Not significant"
"Gene0212",277.731265246705,-0.0374942476487589,0.204721754238216,0.788734267784882,0.987204697765751,-0.0769516254166505,-0.267954596527086,FALSE,"Not significant"
"Gene0421",336.771052563379,-0.0374628703810293,0.188245890309863,0.790953302862978,0.987204697765751,-0.0655682642785373,-0.265072900799782,FALSE,"Not significant"
"Gene0218",129.249720984813,-0.0373214189145007,0.20727313005654,0.786663673569744,0.987204697765751,-0.0786862063274165,-0.270645531000527,FALSE,"Not significant"
"Gene0749",166.676825996223,-0.0370414197657226,0.200376072820511,0.795768568140111,0.987204697765751,-0.0721602988826159,-0.258827202723746,FALSE,"Not significant"
"Gene0673",8.76404631269867,-0.0369426274385782,0.246904271837787,0.762607524184506,0.987204697765751,-0.14211816186126,-0.302058426066571,FALSE,"Not significant"
"Gene0297",32.885591910301,0.0369281483665167,0.230175970041045,0.785869422764435,0.987204697765751,0.102556614108839,0.271678254811036,FALSE,"Not significant"
"Gene0621",20.6743217163351,0.0368192728971466,0.209560646355125,0.798669644563796,0.987204697765751,0.0779191410127194,0.255069210088172,FALSE,"Not significant"
"Gene0818",35.1771238530276,-0.0365556665608362,0.205780907110157,0.79648558119607,0.987204697765751,-0.0758922201775381,-0.257898061206034,FALSE,"Not significant"
"Gene0971",38.1337642692516,0.0364842386214164,0.203320944923787,0.798101016528935,0.987204697765751,0.0731898674580044,0.255805513295008,FALSE,"Not significant"
"Gene0776",49.5220777053847,0.0355073029208907,0.205402198035493,0.80341080328825,0.987204697765751,0.0724521194608484,0.248935333441449,FALSE,"Not significant"
"Gene0699",37.7680690814863,-0.0354687144221934,0.203192148314522,0.801244860076905,0.987204697765751,-0.072159462352119,-0.251736347752766,FALSE,"Not significant"
"Gene0552",40.6893815050691,-0.0354620765381383,0.219907085025335,0.798699482473443,0.987204697765751,-0.0868117442597659,-0.2550305774952,FALSE,"Not significant"
"Gene0970",208.751676081114,-0.035421378737051,0.206232928989854,0.800358584738271,0.987204697765751,-0.0745624562490384,-0.252883054213047,FALSE,"Not significant"
"Gene0320",167.119992388454,-0.0353959924139038,0.210549906256036,0.801768610363089,0.987204697765751,-0.0769104758003551,-0.251058849641788,FALSE,"Not significant"
"Gene0452",16.6259193846466,0.0353375662920665,0.226002306747423,0.798528138121219,0.987204697765751,0.0927152040394642,0.255252430547341,FALSE,"Not significant"
"Gene0831",9.7379737389244,-0.0353015683141692,0.245503613768685,0.773421875518114,0.987204697765751,-0.132529777421785,-0.287901843774166,FALSE,"Not significant"
"Gene0522",55.7392083189284,-0.0350353781499784,0.209756847239432,0.800327733862462,0.987204697765751,-0.0763026262506094,-0.252922976568719,FALSE,"Not significant"
"Gene0517",43.7732859833315,0.0342695449723212,0.224812394979968,0.800433564596787,0.987204697765751,0.0887454766557985,0.252786028742205,FALSE,"Not significant"
"Gene0978",37.2392659752346,0.0342031881925296,0.222414556156614,0.806746754228046,0.987204697765751,0.085230263551291,0.244625065407178,FALSE,"Not significant"
"Gene0703",63.0246685733099,-0.0338099421428615,0.215572136790651,0.808422895913606,0.987204697765751,-0.0786349372736474,-0.242461099320912,FALSE,"Not significant"
"Gene0963",140.174190007697,0.0337078135334676,0.221869730249976,0.800580371974346,0.987204697765751,0.0869472610979985,0.252596063882284,FALSE,"Not significant"
"Gene0373",226.971792506483,0.0335436348530211,0.218810576770339,0.811618927443787,0.987204697765751,0.0804919483100619,0.23833802990959,FALSE,"Not significant"
"Gene0251",55.1360536351887,-0.0334138474962989,0.203340395612107,0.812656586264173,0.987204697765751,-0.0680064895637362,-0.237000262949929,FALSE,"Not significant"
"Gene0625",233.582656834784,0.0333841628187714,0.208354166928416,0.814160576528269,0.987204697765751,0.0700455225969181,0.235062045703347,FALSE,"Not significant"
"Gene0487",18.9091233998938,0.0331013428785462,0.241505189811328,0.799393788524952,0.987204697765751,0.113277006929988,0.254131733016238,FALSE,"Not significant"
"Gene0644",50.8915117940749,0.0329803520181142,0.203799878683688,0.817430858590203,0.987204697765751,0.0663172348168868,0.230850614193295,FALSE,"Not significant"
"Gene0982",142.259718246581,-0.0329744445808707,0.203012407980989,0.815555145928941,0.987204697765751,-0.0669601876886876,-0.233265629781375,FALSE,"Not significant"
"Gene0874",53.1243668306394,-0.032692831322698,0.194547498901288,0.818462779056468,0.987204697765751,-0.0604919164732504,-0.229522571827425,FALSE,"Not significant"
"Gene0946",59.5624278860923,-0.0325282162524589,0.200085149677851,0.817831877617737,0.987204697765751,-0.0640419701294394,-0.230334469726993,FALSE,"Not significant"
"Gene0845",336.147108471089,0.0323925702257639,0.194416467805778,0.820851688634549,0.987204697765751,0.0594537724450089,0.226449684610075,FALSE,"Not significant"
"Gene0675",27.2405123258271,0.0323900978432938,0.246346758603079,0.78370281064768,0.987204697765751,0.122848023267953,0.274496867410933,FALSE,"Not significant"
"Gene0713",83.7381401231593,-0.0321995712599081,0.203067246848624,0.817612960501699,0.987204697765751,-0.0654902771065946,-0.230616226443569,FALSE,"Not significant"
"Gene0626",47.5740321703934,-0.0321918711857031,0.239149590088261,0.80218682580182,0.987204697765751,-0.107438338217341,-0.250517949068851,FALSE,"Not significant"
"Gene0158",172.679863638755,0.0320600824796832,0.2375260526495,0.80772365087844,0.987204697765751,0.100772180136687,0.243363714076456,FALSE,"Not significant"
"Gene0572",91.2926934914683,-0.0320033909554174,0.197042813480131,0.819941464924811,0.987204697765751,-0.0612043675929065,-0.22762026416445,FALSE,"Not significant"
"Gene0915",18.7594759556122,0.0318823455827947,0.235773437364263,0.807890645101696,0.987204697765751,0.0982848041931952,0.243148132949658,FALSE,"Not significant"
"Gene0263",19.6893361742077,0.0317028369016098,0.235257461707937,0.811805571671988,0.987204697765751,0.0968911835174481,0.238097373682049,FALSE,"Not significant"
"Gene0220",59.2095615224138,-0.0316728815666008,0.212594777252695,0.820278614398155,0.987204697765751,-0.0713943497403407,-0.227186641855909,FALSE,"Not significant"
"Gene0497",81.6227567758146,-0.0312660448759714,0.201142694426606,0.824667940022119,0.987204697765751,-0.0624500838238573,-0.221545208101451,FALSE,"Not significant"
"Gene0370",33.0628983595016,-0.0308425448876634,0.228070142716443,0.820256143788297,0.987204697765751,-0.0851596340406437,-0.227215540935525,FALSE,"Not significant"
"Gene0306",29.5141669995557,0.0307477425084362,0.216037863095081,0.831048999590077,0.987204697765751,0.0699167660814654,0.213356381637465,FALSE,"Not significant"
"Gene0313",74.5673135648597,-0.0307125769134059,0.217600434577599,0.823622899740778,0.987204697765751,-0.0734183729530246,-0.222887712646726,FALSE,"Not significant"
"Gene0851",27.3171941155043,0.0304898360759438,0.20762244254092,0.830468123041365,0.987204697765751,0.0641713705494209,0.214101221785244,FALSE,"Not significant"
"Gene0870",294.606029840746,-0.030181222956184,0.187900246621148,0.828798560386194,0.987204697765751,-0.0535415986017598,-0.216242713676804,FALSE,"Not significant"
"Gene0334",93.9897052369766,-0.0299573169843172,0.261555148812708,0.766619579025758,0.987204697765751,-0.184075041036342,-0.296799510736144,FALSE,"Not significant"
"Gene0454",13.5130072748199,-0.0299378507205967,0.224797708307672,0.828557265968418,0.987204697765751,-0.0784501817093918,-0.216552295718408,FALSE,"Not significant"
"Gene0662",122.080873171546,-0.0298423997912758,0.199832337329623,0.83171390111096,0.987204697765751,-0.0591012726434669,-0.212503944089061,FALSE,"Not significant"
"Gene0145",12.7305808486971,0.0296787964614058,0.228271432461873,0.828064969819954,0.987204697765751,0.0819735108700107,0.217183978743742,FALSE,"Not significant"
"Gene0489",103.198791554031,-0.0294634239430856,0.200910466202205,0.8320745100785,0.987204697765751,-0.0591921233245529,-0.212041689677271,FALSE,"Not significant"
"Gene0328",202.217795497894,-0.0293738520339977,0.239075713386501,0.810159773956285,0.987204697765751,-0.0990199215743526,-0.240219917235141,FALSE,"Not significant"
"Gene0839",28.8286011950222,-0.029296114387717,0.227564202159178,0.826633474094017,0.987204697765751,-0.0804676117722277,-0.219021276211664,FALSE,"Not significant"
"Gene0185",34.2708572207892,-0.0288857738557676,0.219783482631368,0.841195594242961,0.987204697765751,-0.0675769675970924,-0.200364406847097,FALSE,"Not significant"
"Gene0230",449.806363479613,-0.028866281334645,0.22435747792451,0.832432665099968,0.987204697765751,-0.076335302795819,-0.211582625752671,FALSE,"Not significant"
"Gene0122",75.6065167020575,0.0285290343685647,0.217217507372906,0.836991452001445,0.987204697765751,0.0670520879193109,0.20574327637405,FALSE,"Not significant"
"Gene0803",42.9374784318225,-0.0283662911274526,0.213987635157622,0.838433024347783,0.987204697765751,-0.0650628601246656,-0.203898235032494,FALSE,"Not significant"
"Gene0823",51.5248543559088,-0.0280154671459784,0.21461312944082,0.838656142598487,0.987204697765751,-0.0653803879720327,-0.203612732354919,FALSE,"Not significant"
"Gene0330",36.9420618603413,-0.0278898712795508,0.205370899623494,0.843509456956697,0.987204697765751,-0.0581846356742662,-0.197406482727619,FALSE,"Not significant"
"Gene0857",134.816710878438,-0.0274733291008402,0.217399997412594,0.843267400032124,0.987204697765751,-0.0660600203182073,-0.197715834634524,FALSE,"Not significant"
"Gene0991",461.906096328874,0.0273305900466903,0.193528141524912,0.848256291007062,0.987204697765751,0.0500732872502992,0.191343744511791,FALSE,"Not significant"
"Gene0599",103.508728519171,0.0272585703019892,0.208230401570299,0.847338886320283,0.987204697765751,0.0577827230767945,0.19251491451676,FALSE,"Not significant"
"Gene0133",44.3133588780481,0.0269773839888687,0.219937943932506,0.846857022224479,0.987204697765751,0.0659089287731175,0.193130173782929,FALSE,"Not significant"
"Gene0366",118.920277162707,-0.0269085344558183,0.217451558532972,0.843609918417839,0.987204697765751,-0.0651417843957949,-0.197278097218733,FALSE,"Not significant"
"Gene0225",34.5280346097384,-0.0266822347132575,0.215227741280491,0.848278766243298,0.987204697765751,-0.0622778686651334,-0.191315055651229,FALSE,"Not significant"
"Gene0960",84.2733077990988,0.0266420943868978,0.214419361597165,0.850374850431417,0.987204697765751,0.0601177743233191,0.188640165490728,FALSE,"Not significant"
"Gene0617",86.1420524975241,0.0265267637735413,0.18502093265932,0.85087688856487,0.987204697765751,0.0454500576122204,0.18799969717809,FALSE,"Not significant"
"Gene0965",36.0547426024764,-0.0264209278190707,0.216844221893395,0.846715798488692,0.987204697765751,-0.0629712326152455,-0.193310506543723,FALSE,"Not significant"
"Gene0645",90.3340563282524,-0.0263785375762326,0.195674605420326,0.851007971695513,0.987204697765751,-0.0502263442236188,-0.187832482365434,FALSE,"Not significant"
"Gene0232",98.021018654072,-0.0261253528553621,0.200923427783512,0.85235208812014,0.987204697765751,-0.0524716766952139,-0.18611817655821,FALSE,"Not significant"
"Gene0581",12.1327797186838,-0.0257135684781899,0.236992593734311,0.843187462574266,0.987204697765751,-0.083476422827043,-0.197817999903079,FALSE,"Not significant"
"Gene0275",544.373735986217,-0.0253902785494553,0.213422886624532,0.857844008219278,0.987204697765751,-0.0560110892222373,-0.179119325025406,FALSE,"Not significant"
"Gene0664",21.6616260111324,-0.0253267025629304,0.23343242582633,0.845825856341202,0.987204697765751,-0.0774031159353198,-0.194447044854395,FALSE,"Not significant"
"Gene0852",122.808436124979,0.0252646996318356,0.191233284417321,0.860584577834257,0.987204697765751,0.0449633248226336,0.17563006906013,FALSE,"Not significant"
"Gene0717",39.4560820543615,-0.0250420413452689,0.211213740696243,0.857963554480785,0.987204697765751,-0.0559610941171862,-0.178967075162006,FALSE,"Not significant"
"Gene0467",17.161556713075,0.0248861298486649,0.241255117508837,0.843889079321619,0.987204697765751,0.0865002724737669,0.19692135842608,FALSE,"Not significant"
"Gene0702",43.6738569735084,0.0248216615022408,0.215048716339587,0.852827296856177,0.987204697765751,0.0598011941533954,0.185512219475398,FALSE,"Not significant"
"Gene0347",110.239595745761,0.0247871610975283,0.200119306396798,0.86380257307723,0.987204697765751,0.0479831710838355,0.171535685758485,FALSE,"Not significant"
"Gene0692",19.4538932146535,0.024679450986844,0.219205249621427,0.861003472893085,0.987204697765751,0.0594785281533648,0.175096926969793,FALSE,"Not significant"
"Gene0182",13.2340441504661,0.0245338475519797,0.235914136553792,0.852219200936269,0.987204697765751,0.0768407175473699,0.186287638376711,FALSE,"Not significant"
"Gene0700",49.1242867187914,-0.024346513683559,0.222496608189431,0.857818049258852,0.987204697765751,-0.0625871132052289,-0.17915238598196,FALSE,"Not significant"
"Gene0533",35.2583888533711,-0.0241197011449426,0.213133429881781,0.860196390012252,0.987204697765751,-0.055501967281132,-0.176124173565048,FALSE,"Not significant"
"Gene0162",59.6791227651735,0.0240794764552552,0.192414307014968,0.864428481850834,0.987204697765751,0.0441415107409163,0.170739653221478,FALSE,"Not significant"
"Gene0131",57.9635660652569,0.0240696394447614,0.20414079365808,0.86626545373629,0.987204697765751,0.0486573989499382,0.168404009871103,FALSE,"Not significant"
"Gene0371",123.481137378974,0.0237099989430268,0.209776758450578,0.861134122827879,0.987204697765751,0.0530107370133945,0.17493065451113,FALSE,"Not significant"
"Gene0172",16.7834290477345,-0.0236008317338352,0.214723882094251,0.86587753766585,0.987204697765751,-0.0549122434389971,-0.16889715419371,FALSE,"Not significant"
"Gene0763",20.5466628321436,-0.0229563055897257,0.219023122988081,0.868420714920327,0.987204697765751,-0.0564675774324876,-0.165664842974986,FALSE,"Not significant"
"Gene0135",33.8137700207979,-0.0229548590310192,0.219503022921616,0.865638301488338,0.987204697765751,-0.0579459579329868,-0.169201307366393,FALSE,"Not significant"
"Gene0126",174.484590015745,0.0225822540704881,0.224087419116118,0.868264873363964,0.987204697765751,0.0586799530872574,0.165862863365645,FALSE,"Not significant"
"Gene0405",153.542995370776,-0.0215803581887227,0.216177279455003,0.867808883859056,0.987204697765751,-0.0541846683535005,-0.166442304745091,FALSE,"Not significant"
"Gene0941",19.6013541373346,-0.0211951638616325,0.237774143020706,0.867469032015578,0.987204697765751,-0.0701739357879374,-0.166874202384825,FALSE,"Not significant"
"Gene0681",80.1514325189465,0.0235019793241473,0.199229862152115,0.87037563809003,0.988291051746314,0.0452895325044529,0.163181365030943,FALSE,"Not significant"
"Gene0308",299.336412599323,-0.022139438767683,0.210687427908165,0.871771256783781,0.988740565320137,-0.0497618026751489,-0.16140902775482,FALSE,"Not significant"
"Gene0486",52.6850802882449,0.0222964588842291,0.208650471579554,0.874323253805212,0.989490165247898,0.0481265699634189,0.158169478245589,FALSE,"Not significant"
"Gene0743",318.762709746451,-0.0216677108440303,0.188752823815099,0.87443316928884,0.989490165247898,-0.039625051558901,-0.15802998713777,FALSE,"Not significant"
"Gene0406",71.7104610078209,0.0222149628896237,0.215545136206807,0.87555817266061,0.989529866417441,0.0513239233981588,0.156602448592054,FALSE,"Not significant"
"Gene0291",46.9424153508754,-0.0215939310046083,0.210124709187579,0.87646932556287,0.989529866417441,-0.0482371568422952,-0.155446503038998,FALSE,"Not significant"
"Gene0798",39.083880183847,0.0216574809341501,0.211155211826992,0.878790430702023,0.991019083197606,0.0471922148357271,0.152502738486136,FALSE,"Not significant"
"Gene0559",659.682388442777,0.0216844360227819,0.206646495305667,0.881195698892618,0.991225770418575,0.0447407962656598,0.149453626646479,FALSE,"Not significant"
"Gene0453",116.976981611657,0.021040348419157,0.182960297706991,0.883062987483445,0.991225770418575,0.0349083025180992,0.147087460264668,FALSE,"Not significant"
"Gene0588",32.0434926659298,-0.0207887865677407,0.209236994180371,0.881245283700303,0.991225770418575,-0.0455947039464863,-0.149390783659794,FALSE,"Not significant"
"Gene0854",78.8320557469466,0.0207589303830535,0.206560642573511,0.884479646238452,0.991225770418575,0.0432114241884618,0.145292867048941,FALSE,"Not significant"
"Gene0119",65.8837860424775,0.0201122070002642,0.212403143280661,0.889733727864965,0.991225770418575,0.0438792912290708,0.138641145493421,FALSE,"Not significant"
"Gene0614",76.0630017995901,0.0199994964320473,0.201738830591968,0.889164159512998,0.991225770418575,0.0396810822480453,0.139361923276948,FALSE,"Not significant"
"Gene0483",67.7490461328524,0.0195011909356844,0.201699228134641,0.8920904306384,0.991225770418575,0.0385244037053249,0.13565954469516,FALSE,"Not significant"
"Gene0143",90.391599986626,-0.0192111565246777,0.215933255905356,0.890613141850622,0.991225770418575,-0.0451832959444914,-0.137528405332076,FALSE,"Not significant"
"Gene0542",13.831606577049,0.018910819201295,0.226177074993879,0.891540660754986,0.991225770418575,0.0505148550709927,0.136354981508899,FALSE,"Not significant"
"Gene0789",425.94404382197,0.0186379273945629,0.193023033777708,0.89712399931967,0.991225770418575,0.0335596654944561,0.129295288570237,FALSE,"Not significant"
"Gene0121",107.586682232412,0.0185671912690469,0.177433944940177,0.894838926117591,0.991225770418575,0.0299477081026441,0.132183785193904,FALSE,"Not significant"
"Gene0744",259.30340484814,0.0182275658162414,0.195988766804343,0.901319849540202,0.991225770418575,0.0333971841140348,0.123994222498578,FALSE,"Not significant"
"Gene0353",186.136277215964,-0.0181819478705836,0.215400193760251,0.89230495969332,0.991225770418575,-0.0438153759009789,-0.13538819187366,FALSE,"Not significant"
"Gene0606",551.14890628288,0.0179735720230439,0.187157597970437,0.897897447668898,0.991225770418575,0.0317766320414711,0.128317839831135,FALSE,"Not significant"
"Gene0761",334.454054658248,0.0178274596000576,0.205694526737107,0.903067063536484,0.991225770418575,0.0361388238263989,0.121787816005348,FALSE,"Not significant"
"Gene0989",221.208565886436,0.0174019446651303,0.217185983122668,0.902608190549298,0.991225770418575,0.0395633169504339,0.122367229445998,FALSE,"Not significant"
"Gene0773",52.305933333545,0.0172697323018206,0.196361515004581,0.904350854248678,0.991225770418575,0.0323755305796434,0.120167005359596,FALSE,"Not significant"
"Gene0881",105.031917079588,0.0172450143546563,0.213731677239346,0.903330009540625,0.991225770418575,0.0389657674840386,0.121455815665066,FALSE,"Not significant"
"Gene0115",125.674212436268,0.0169297050930841,0.193795558971281,0.906281843638072,0.991225770418575,0.0310558491094687,0.117729686859202,FALSE,"Not significant"
"Gene0527",70.3939685171952,0.0168508113337753,0.212404266827153,0.907135545850918,0.991225770418575,0.0367310749042878,0.116652357217594,FALSE,"Not significant"
"Gene0178",66.8866109748609,-0.0167082858001731,0.203895966044008,0.904799339105676,0.991225770418575,-0.0348244765135598,-0.119600859152266,FALSE,"Not significant"
"Gene0289",408.511820084953,0.0166935970586034,0.217516348383108,0.904485176360094,0.991225770418575,0.0391035500306016,0.11999743940635,FALSE,"Not significant"
"Gene0820",8.09990841496216,0.0166663554984034,0.247200812824312,0.892081168386407,0.991225770418575,0.0666095568446391,0.135671260527496,FALSE,"Not significant"
"Gene0906",336.779995792574,0.0165578341847404,0.209139882974412,0.908821490211845,0.991225770418575,0.0349185968387715,0.11452517589945,FALSE,"Not significant"
"Gene0465",58.3387179594252,-0.0164931618958496,0.202349374823857,0.905215881040555,0.991225770418575,-0.034034682104078,-0.119075070526696,FALSE,"Not significant"
"Gene0595",163.47819343761,-0.016422550458152,0.205292143325643,0.902237133724449,0.991225770418575,-0.0356065861359982,-0.122835788500662,FALSE,"Not significant"
"Gene0455",134.379239484063,0.0161284354940074,0.203360132118637,0.911830115751778,0.991225770418575,0.0320761837811529,0.110730428682294,FALSE,"Not significant"
"Gene0432",202.083204085102,0.0160608949012471,0.227478351621844,0.906069236880694,0.991225770418575,0.0437021631229013,0.117998007194769,FALSE,"Not significant"
"Gene0598",78.4294491820606,-0.0160247249380874,0.200446751379149,0.908147682893098,0.991225770418575,-0.0323989221479173,-0.115375266006209,FALSE,"Not significant"
"Gene0280",46.3228241135238,-0.0156042816513196,0.216011563851361,0.90980270421414,0.991225770418575,-0.0374766048003236,-0.113287402597793,FALSE,"Not significant"
"Gene0156",52.3759444437435,-0.0155013026137438,0.215841998410701,0.907079924772522,0.991225770418575,-0.0375444039547428,-0.116722544109646,FALSE,"Not significant"
"Gene0565",38.6057934765363,0.0153120979093907,0.209650400462134,0.914774407750459,0.991225770418575,0.0327471672101227,0.107018368166344,FALSE,"Not significant"
"Gene0708",148.873558100867,0.0152971622359875,0.208992316997742,0.915125692543727,0.991225770418575,0.0325822824361326,0.106575580020814,FALSE,"Not significant"
"Gene0735",15.8102859587463,-0.0151817662780926,0.220971203316236,0.911592490968535,0.991225770418575,-0.0388163039631353,-0.111030083576716,FALSE,"Not significant"
"Gene0546",32.6754869185174,0.0148455172189833,0.224091252857115,0.916497342673793,0.991225770418575,0.0378977493058415,0.104846839025447,FALSE,"Not significant"
"Gene0990",87.1303522357906,0.0147813340665321,0.200857053692813,0.91887772415149,0.991225770418575,0.0287689067302454,0.10184749741424,FALSE,"Not significant"
"Gene0341",36.1389560165378,0.0146849680501647,0.207282089911252,0.918415982159261,0.991225770418575,0.030836021408405,0.102429231686189,FALSE,"Not significant"
"Gene1000",57.9664502624188,0.0145647824727119,0.199742560947121,0.92214582322408,0.991225770418575,0.0273715388437593,0.0977310953518793,FALSE,"Not significant"
"Gene0966",75.7579156898246,0.0138746200433183,0.198331494934071,0.923072734636509,0.991225770418575,0.0264886068436459,0.0965638892514074,FALSE,"Not significant"
"Gene0691",203.380035010841,-0.0137951010236617,0.225964657371173,0.918917082104409,0.991225770418575,-0.0374897909058562,-0.101797913159128,FALSE,"Not significant"
"Gene0419",48.896927490435,0.0137314737793608,0.225542663812988,0.916113640657161,0.991225770418575,0.038170799068017,0.105330400970312,FALSE,"Not significant"
"Gene0480",80.9303810684655,-0.0135307054637951,0.209270273601591,0.921320666955831,0.991225770418575,-0.0304418722146124,-0.0987702790522323,FALSE,"Not significant"
"Gene0296",57.1149811598019,-0.0132912101850052,0.215399739787868,0.92285568036594,0.991225770418575,-0.0315834940515047,-0.0968372013254076,FALSE,"Not significant"
"Gene0171",626.66823980914,-0.0132696859061167,0.194697707744425,0.919320187763739,0.991225770418575,-0.0269915955351588,-0.10129008370823,FALSE,"Not significant"
"Gene0221",33.0254130191822,0.012782164936597,0.213655676167579,0.927735302716361,0.994156282643803,0.0289903315837434,0.0906945481610138,FALSE,"Not significant"
"Gene0594",205.115935751901,-0.0119750223205185,0.222689408773147,0.927812182892042,0.994156282643803,-0.0322581825012999,-0.0905977964741443,FALSE,"Not significant"
"Gene0734",44.0982299304777,-0.0117558025859785,0.218433906170327,0.93258492144019,0.996956999441159,-0.0280171951555612,-0.0845930539241136,FALSE,"Not significant"
"Gene0110",11.4180962115009,-0.0115068631097526,0.232016323760871,0.93170693089947,0.996956999441159,-0.0338832458501737,-0.0856974479601817,FALSE,"Not significant"
"Gene0931",86.3180892192572,-0.0111848290414018,0.196898742226409,0.935517623610713,0.996956999441159,-0.0218743821573867,-0.0809048490689597,FALSE,"Not significant"
"Gene0509",31.8956295983293,0.0107007097783377,0.224527556951949,0.939035750763247,0.996956999441159,0.0275883347900872,0.0764818531617232,FALSE,"Not significant"
"Gene0342",369.023879142538,0.0106806525019471,0.197966281142087,0.940569975113387,0.996956999441159,0.0203311822962497,0.0745534970000259,FALSE,"Not significant"
"Gene0544",101.804785876299,-0.0106543103932248,0.207979299354539,0.938501599463948,0.996956999441159,-0.0235097443361227,-0.0771532906855046,FALSE,"Not significant"
"Gene0811",42.0731412098057,-0.0104694513856251,0.214910316622655,0.938102635164172,0.996956999441159,-0.0254111949300495,-0.0776548184634227,FALSE,"Not significant"
"Gene0736",531.556462937931,0.0103923555084456,0.177962519421213,0.943156587977287,0.996956999441159,0.0162395666124941,0.0713030247241993,FALSE,"Not significant"
"Gene0392",50.8193088208246,-0.0100467927454091,0.203398571015214,0.942358920230358,0.996956999441159,-0.0209020712198998,-0.0723053335743932,FALSE,"Not significant"
"Gene0810",203.426528390537,-0.0100276743528648,0.186590328093358,0.941401450486589,0.996956999441159,-0.0181053651380307,-0.0735085375346524,FALSE,"Not significant"
"Gene0853",102.392326082606,-0.00985619674488253,0.190433912178672,0.943195721254037,0.996956999441159,-0.0181184345439031,-0.0712538536841395,FALSE,"Not significant"
"Gene0658",6.96943907359731,0.00946530011901868,0.245807586471956,0.939657547055407,0.996956999441159,0.0365924339507127,0.0757002877567195,FALSE,"Not significant"
"Gene0252",83.4854583915676,-0.00930205318701838,0.225112586158055,0.943530587944312,0.996956999441159,-0.0258639996577,-0.0708331000539497,FALSE,"Not significant"
"Gene0239",1213.48525974933,-0.0120212234204034,0.206005530609891,0.955661236944873,0.998056918096373,-0.0165129226738075,-0.0555990303945666,FALSE,"Not significant"
"Gene0984",579.353689320997,0.0096503229650865,0.194589944099327,0.96998997954609,0.998056918096373,0.00995140963040728,0.0376208553253768,FALSE,"Not significant"
"Gene0197",43.2433931988527,-0.00907197242626449,0.211508716716602,0.946154383965122,0.998056918096373,-0.0213449418240548,-0.0675367783448154,FALSE,"Not significant"
"Gene0361",185.148548086811,0.00875009008762369,0.210853856458152,0.950821297522628,0.998056918096373,0.019320686938502,0.0616754415615311,FALSE,"Not significant"
"Gene0784",71.6647126219531,-0.00869010721028675,0.205083464319269,0.94940178357623,0.998056918096373,-0.0187548912777634,-0.0634580243267193,FALSE,"Not significant"
"Gene0363",134.369854217777,0.00839172593494364,0.238168521348724,0.949997385434021,0.998056918096373,0.0263023852901743,0.0627100612649539,FALSE,"Not significant"
"Gene0286",23.3755329275139,0.00836787690212771,0.218002498555506,0.95450925384605,0.998056918096373,0.0193601876778952,0.0570451190295921,FALSE,"Not significant"
"Gene0868",82.5249472047575,0.0081229031157316,0.214158147272369,0.955078259623788,0.998056918096373,0.0180152394026664,0.0563308292560427,FALSE,"Not significant"
"Gene0138",33.7165054569288,0.00806458148727129,0.203596899416416,0.955587596150454,0.998056918096373,0.0161596313548408,0.0556914684449039,FALSE,"Not significant"
"Gene0888",63.4850088400478,-0.00794204864777197,0.21700933814464,0.95269626164926,0.998056918096373,-0.0196069363982066,-0.0593212176275449,FALSE,"Not significant"
"Gene0883",200.152576701259,0.00787268458247202,0.213482303596504,0.952190693174854,0.998056918096373,0.0191672883376753,0.0599559816037016,FALSE,"Not significant"
"Gene0241",77.2096318231244,0.00743259379641716,0.191212583363283,0.959077302287176,0.998056918096373,0.0132479845399909,0.0513115027798354,FALSE,"Not significant"
"Gene0807",81.2933606338432,-0.00736548858766586,0.217406896069151,0.956798627302127,0.998056918096373,-0.0182646417371663,-0.0541713741526363,FALSE,"Not significant"
"Gene0993",432.372239159754,0.00727169791315821,0.182062317212799,0.959717387183258,0.998056918096373,0.011968661555924,0.0505082350225735,FALSE,"Not significant"
"Gene0393",67.7615520412218,0.00687386508624458,0.193008461419855,0.962714959820819,0.998056918096373,0.0122748587044168,0.0467468881616514,FALSE,"Not significant"
"Gene0318",32.3207728930859,-0.00682092828971916,0.198811565645137,0.963271121215929,0.998056918096373,-0.0127911874460299,-0.0460490925145189,FALSE,"Not significant"
"Gene0635",186.441924524799,0.00656412512596398,0.18844751065488,0.965008080264985,0.998056918096373,0.0110378844974532,0.043869935436945,FALSE,"Not significant"
"Gene0339",173.90500236159,0.00611368866686629,0.20295245977997,0.973775073113761,0.998056918096373,0.009353211190659,0.0328739918070585,FALSE,"Not significant"
"Gene0160",661.40780131764,-0.00592708652368192,0.17463358848431,0.974220326737937,0.998056918096373,-0.00713285157441949,-0.0323156526206714,FALSE,"Not significant"
"Gene0687",45.1995221013706,0.00582580173244684,0.208116162959844,0.968775561993088,0.998056918096373,0.0119481832569543,0.0391440237216744,FALSE,"Not significant"
"Gene0124",122.036828406164,-0.00566728859085421,0.192692837944767,0.966798404057285,0.998056918096373,-0.010866291168845,-0.0416240458211723,FALSE,"Not significant"
"Gene0265",41.006536118039,-0.00523359559976874,0.195802056133641,0.969672328487382,0.998056918096373,-0.0102656769254678,-0.038019256716793,FALSE,"Not significant"
"Gene0478",69.7382082886116,-0.0052335243536916,0.23459252087392,0.968030946704055,0.998056918096373,-0.0166444163082805,-0.0400779930506843,FALSE,"Not significant"
"Gene0728",48.7237689753206,-0.00504361569721021,0.226569147932112,0.96802585032636,0.998056918096373,-0.0146472710246037,-0.0400843855456135,FALSE,"Not significant"
"Gene0519",106.654264601765,-0.00464447850340234,0.1807332338259,0.972327521054865,0.998056918096373,-0.00809949282383138,-0.034689265013785,FALSE,"Not significant"
"Gene0545",26.0361970408094,-0.00454406740002966,0.223053586734303,0.972334599853407,0.998056918096373,-0.0124071282544843,-0.0346803877172444,FALSE,"Not significant"
"Gene0104",994.706592245221,0.00445145705161289,0.212785968527739,0.975757800867212,0.998056918096373,0.00974059708921185,0.0303877670053409,FALSE,"Not significant"
"Gene0950",70.6945086238289,-0.00430081351308803,0.189908058443147,0.974201141085363,0.998056918096373,-0.00823185254180867,-0.0323397108383613,FALSE,"Not significant"
"Gene0516",48.176264479012,-0.00428178349515147,0.198702342198367,0.975035710719403,0.998056918096373,-0.0086392795576657,-0.0312932033208411,FALSE,"Not significant"
"Gene0612",32.1314666524487,-0.00409395840739652,0.264968699478141,0.958668515865829,0.998056918096373,-0.0346291490516286,-0.0518245222592373,FALSE,"Not significant"
"Gene0983",33.087299038758,0.00384071822546927,0.202563833073129,0.980042476783583,0.998056918096373,0.00720326277797941,0.0250156548099085,FALSE,"Not significant"
"Gene0302",217.650766568388,0.00368235893835744,0.212950266693312,0.978799283742606,0.998056918096373,0.00841165991614922,0.0265742848359287,FALSE,"Not significant"
"Gene0491",27.4708348152642,0.00366212240136597,0.223907520269924,0.980616162402632,0.998056918096373,0.00874578400163665,0.0242964279145723,FALSE,"Not significant"
"Gene0666",272.9560586572,0.00364169635681449,0.185937722054286,0.980086807601694,0.998056918096373,0.00612723320243386,0.0249600770203488,FALSE,"Not significant"
"Gene0407",19.9562414464533,0.0035920025822197,0.228668454974865,0.98015668729415,0.998056918096373,0.00955250626542942,0.0248724686235234,FALSE,"Not significant"
"Gene0932",149.186688935776,0.00307379812054487,0.222165340202938,0.983839123124967,0.998056918096373,0.00719144141014332,0.0202560405734573,FALSE,"Not significant"
"Gene0163",112.791404445179,-0.00294466775236115,0.203341199398961,0.98134851932878,0.998056918096373,-0.00675375541492756,-0.0233782937793156,FALSE,"Not significant"
"Gene0195",369.779982481739,0.00245078290211646,0.199833897364235,0.983928710964574,0.998056918096373,0.00559785464795024,0.0201437359576913,FALSE,"Not significant"
"Gene0344",44.8054570128129,-0.00226897449824797,0.20226675892597,0.982155619713278,0.998056918096373,-0.00642177270252444,-0.0223664787851656,FALSE,"Not significant"
"Gene0650",14.494493390403,0.00220343577980083,0.22667452417517,0.988325472495448,0.998529449246015,0.0054851098037505,0.0146323724984154,FALSE,"Not significant"
"Gene0834",57.8655800790953,-0.00216494973695584,0.191908404707935,0.986386801799271,0.998529449246015,-0.00443183170171666,-0.0170624416122277,FALSE,"Not significant"
"Gene0977",186.008576833972,-0.00192726539082634,0.196176703477473,0.987819747868565,0.998529449246015,-0.00408259267027119,-0.0152662751625358,FALSE,"Not significant"
"Gene0992",79.9673471073344,-0.00126973276094645,0.214438030217811,0.988433094855256,0.998529449246015,-0.00465993312833376,-0.0144974735655063,FALSE,"Not significant"
"Gene0420",230.990655599504,0.00140621095793219,0.20548617980674,0.994004255630027,0.999295210772653,0.00220749033043201,0.00751462190656173,FALSE,"Not significant"
"Gene0722",162.244975275612,0.00120301040769979,0.227496063686888,0.995224643094973,0.999295210772653,0.00226735785528622,0.00598505805131931,FALSE,"Not significant"
"Gene0790",107.085830101526,0.00102531818886673,0.193866485008284,0.995567476379614,0.999295210772653,0.00146489751093139,0.00555537309242733,FALSE,"Not significant"
"Gene0997",105.619169803097,0.000803312558823344,0.188591182961665,0.996783804396919,0.999295210772653,0.00101566849423049,0.00403091433358467,FALSE,"Not significant"
"Gene0577",109.223921653915,-0.000773268601326792,0.206787290025385,0.992861980483007,0.999295210772653,-0.00269130273647123,-0.00894630010975438,FALSE,"Not significant"
"Gene0231",64.1892841410077,0.000605739885097487,0.20941444271421,0.998226954628062,0.999295210772653,0.000686335892817865,0.00222218465964657,FALSE,"Not significant"
"Gene0271",18.0229650209172,-0.000528187967948107,0.232389255045578,0.995445814189353,0.999295210772653,-0.00225925344521045,-0.00570785645359857,FALSE,"Not significant"
"Gene0207",28.6967196322152,-0.000473243167510264,0.218164697145416,0.99449901830514,0.999295210772653,-0.00231395111957415,-0.00689451274787263,FALSE,"Not significant"
"Gene0801",16.0158467400024,0.000315830720236448,0.218462030244564,0.999295210772653,0.999295210772653,0.000300951726815496,0.00088332241733205,FALSE,"Not significant"
"Gene0282",9.4691153181728,2.89594101153446e-05,0.231827861543668,0.999104884096705,0.999295210772653,-0.000449334641099873,-0.00112186165145994,FALSE,"Not significant"
